date_time_local,unixtime,period_index,period_string,cloudprecip,visibility_other,winds,temperatures,windchill,humidex,uv
2022-10-09 16:00:00 CDT,1665349200,1,Tonight,Clear.,,,Low plus 2.,,,
2022-10-09 16:00:00 CDT,1665349200,2,Monday,Sunny.,,Wind south 30 km/h gusting to 50.,High 19.,,,UV index 5 or moderate.
2022-10-09 16:00:00 CDT,1665349200,3,Monday night,Clear.,,Wind south 30 km/h gusting to 50.,Low 8.,,,
2022-10-09 16:00:00 CDT,1665349200,4,Tuesday,Sunny.,,,High 16.,,,
2022-10-09 16:00:00 CDT,1665349200,5,Tuesday night,Cloudy with 60 percent chance of showers.,,,Low plus 4.,,,
2022-10-09 16:00:00 CDT,1665349200,6,Wednesday,Cloudy with 60 percent chance of showers.,,,High 9.,,,
2022-10-09 16:00:00 CDT,1665349200,7,Wednesday night,Cloudy periods.,,,Low minus 1.,,,
2022-10-09 16:00:00 CDT,1665349200,8,Thursday,A mix of sun and cloud.,,,High 9.,,,
2022-10-09 16:00:00 CDT,1665349200,9,Thursday night,Cloudy periods.,,,Low minus 1.,,,
2022-10-09 16:00:00 CDT,1665349200,10,Friday,A mix of sun and cloud.,,,High 10.,,,
2022-10-09 16:00:00 CDT,1665349200,11,Friday night,Cloudy periods.,,,Low plus 2.,,,
2022-10-09 16:00:00 CDT,1665349200,12,Saturday,A mix of sun and cloud.,,,High 8.,,,
2022-10-09 11:00:00 CDT,1665331200,1,Today,A mix of sun and cloud.,,,High 13.,,,UV index 4 or moderate.
2022-10-09 11:00:00 CDT,1665331200,2,Tonight,Clear.,,Wind becoming south 20 km/h overnight.,Low plus 2.,,,
2022-10-09 11:00:00 CDT,1665331200,3,Monday,Mainly sunny.,,Wind south 30 km/h gusting to 50.,High 19.,,,UV index 5 or moderate.
2022-10-09 11:00:00 CDT,1665331200,4,Monday night,Clear.,,,Low 8.,,,
2022-10-09 11:00:00 CDT,1665331200,5,Tuesday,Sunny.,,,High 18.,,,
2022-10-09 11:00:00 CDT,1665331200,6,Tuesday night,Rain.,,,Low plus 5.,,,
2022-10-09 11:00:00 CDT,1665331200,7,Wednesday,Periods of rain.,,,High 8.,,,
2022-10-09 11:00:00 CDT,1665331200,8,Wednesday night,Cloudy.,,,Low zero.,,,
2022-10-09 11:00:00 CDT,1665331200,9,Thursday,Cloudy with 30 percent chance of showers.,,,High 7.,,,
2022-10-09 11:00:00 CDT,1665331200,10,Thursday night,Cloudy periods.,,,Low minus 2.,,,
2022-10-09 11:00:00 CDT,1665331200,11,Friday,A mix of sun and cloud.,,,High 12.,,,
2022-10-09 11:00:00 CDT,1665331200,12,Friday night,Cloudy periods.,,,Low zero.,,,
2022-10-09 11:00:00 CDT,1665331200,13,Saturday,A mix of sun and cloud.,,,High plus 5.,,,
2022-10-09 05:00:00 CDT,1665309600,1,Today,Sunny. Becoming a mix of sun and cloud this morning.,Fog patches dissipating this morning.,,High 13.,,,UV index 4 or moderate.
2022-10-09 05:00:00 CDT,1665309600,2,Tonight,Clear.,,Wind becoming south 20 km/h overnight.,Low plus 2.,,,
2022-10-09 05:00:00 CDT,1665309600,3,Monday,Mainly sunny.,,Wind south 30 km/h gusting to 50.,High 19.,,,UV index 5 or moderate.
2022-10-09 05:00:00 CDT,1665309600,4,Monday night,Clear.,,,Low 8.,,,
2022-10-09 05:00:00 CDT,1665309600,5,Tuesday,Sunny.,,,High 18.,,,
2022-10-09 05:00:00 CDT,1665309600,6,Tuesday night,Rain.,,,Low plus 5.,,,
2022-10-09 05:00:00 CDT,1665309600,7,Wednesday,Periods of rain.,,,High 8.,,,
2022-10-09 05:00:00 CDT,1665309600,8,Wednesday night,Cloudy.,,,Low zero.,,,
2022-10-09 05:00:00 CDT,1665309600,9,Thursday,Cloudy with 30 percent chance of showers.,,,High 7.,,,
2022-10-09 05:00:00 CDT,1665309600,10,Thursday night,Cloudy periods.,,,Low minus 2.,,,
2022-10-09 05:00:00 CDT,1665309600,11,Friday,A mix of sun and cloud.,,,High 12.,,,
2022-10-09 05:00:00 CDT,1665309600,12,Friday night,Cloudy periods.,,,Low zero.,,,
2022-10-09 05:00:00 CDT,1665309600,13,Saturday,A mix of sun and cloud.,,,High plus 5.,,,
2022-10-09 00:03:00 CDT,1665291780,1,Tonight,Showers ending overnight then clearing.,,Wind east 20 km/h becoming light before morning.,Low plus 1.,,,
2022-10-09 00:03:00 CDT,1665291780,2,Sunday,Mainly sunny.,,,High 13.,,,UV index 4 or moderate.
2022-10-09 00:03:00 CDT,1665291780,3,Sunday night,Clear.,,Wind becoming south 20 km/h overnight.,Low plus 3.,,,
2022-10-09 00:03:00 CDT,1665291780,4,Monday,Sunny.,,,High 19.,,,
2022-10-09 00:03:00 CDT,1665291780,5,Monday night,Clear.,,,Low 7.,,,
2022-10-09 00:03:00 CDT,1665291780,6,Tuesday,Sunny.,,,High 19.,,,
2022-10-09 00:03:00 CDT,1665291780,7,Tuesday night,Rain.,,,Low plus 5.,,,
2022-10-09 00:03:00 CDT,1665291780,8,Wednesday,Periods of rain.,,,High 9.,,,
2022-10-09 00:03:00 CDT,1665291780,9,Wednesday night,Cloudy periods.,,,Low minus 2.,,,
2022-10-09 00:03:00 CDT,1665291780,10,Thursday,A mix of sun and cloud.,,,High 11.,,,
2022-10-09 00:03:00 CDT,1665291780,11,Thursday night,Cloudy periods.,,,Low plus 1.,,,
2022-10-09 00:03:00 CDT,1665291780,12,Friday,A mix of sun and cloud.,,,High 13.,,,
2022-10-08 22:33:00 CDT,1665286380,1,Tonight,Mainly cloudy with 30 percent chance of showers late this evening and after midnight. Clearing before morning.,,,Low plus 1.,,,
2022-10-08 22:33:00 CDT,1665286380,2,Sunday,Mainly sunny.,,,High 13.,,,UV index 4 or moderate.
2022-10-08 22:33:00 CDT,1665286380,3,Sunday night,Clear.,,Wind becoming south 20 km/h overnight.,Low plus 3.,,,
2022-10-08 22:33:00 CDT,1665286380,4,Monday,Sunny.,,,High 19.,,,
2022-10-08 22:33:00 CDT,1665286380,5,Monday night,Clear.,,,Low 7.,,,
2022-10-08 22:33:00 CDT,1665286380,6,Tuesday,Sunny.,,,High 19.,,,
2022-10-08 22:33:00 CDT,1665286380,7,Tuesday night,Rain.,,,Low plus 5.,,,
2022-10-08 22:33:00 CDT,1665286380,8,Wednesday,Periods of rain.,,,High 9.,,,
2022-10-08 22:33:00 CDT,1665286380,9,Wednesday night,Cloudy periods.,,,Low minus 2.,,,
2022-10-08 22:33:00 CDT,1665286380,10,Thursday,A mix of sun and cloud.,,,High 11.,,,
2022-10-08 22:33:00 CDT,1665286380,11,Thursday night,Cloudy periods.,,,Low plus 1.,,,
2022-10-08 22:33:00 CDT,1665286380,12,Friday,A mix of sun and cloud.,,,High 13.,,,
2022-10-08 16:00:00 CDT,1665262800,1,Tonight,Clear. Becoming partly cloudy this evening.,,Wind northwest 20 km/h becoming light this evening.,Low plus 1.,,,
2022-10-08 16:00:00 CDT,1665262800,2,Sunday,Mainly sunny.,,,High 13.,,,UV index 4 or moderate.
2022-10-08 16:00:00 CDT,1665262800,3,Sunday night,Clear.,,Wind becoming south 20 km/h overnight.,Low plus 3.,,,
2022-10-08 16:00:00 CDT,1665262800,4,Monday,Sunny.,,,High 19.,,,
2022-10-08 16:00:00 CDT,1665262800,5,Monday night,Clear.,,,Low 7.,,,
2022-10-08 16:00:00 CDT,1665262800,6,Tuesday,Sunny.,,,High 19.,,,
2022-10-08 16:00:00 CDT,1665262800,7,Tuesday night,Rain.,,,Low plus 5.,,,
2022-10-08 16:00:00 CDT,1665262800,8,Wednesday,Periods of rain.,,,High 9.,,,
2022-10-08 16:00:00 CDT,1665262800,9,Wednesday night,Cloudy periods.,,,Low minus 2.,,,
2022-10-08 16:00:00 CDT,1665262800,10,Thursday,A mix of sun and cloud.,,,High 11.,,,
2022-10-08 16:00:00 CDT,1665262800,11,Thursday night,Cloudy periods.,,,Low plus 1.,,,
2022-10-08 16:00:00 CDT,1665262800,12,Friday,A mix of sun and cloud.,,,High 13.,,,
2022-10-08 11:00:00 CDT,1665244800,1,Today,Mainly sunny.,,,High 16.,,,UV index 3 or moderate.
2022-10-08 11:00:00 CDT,1665244800,2,Tonight,Partly cloudy. Clearing after midnight.,,,Low zero.,,,
2022-10-08 11:00:00 CDT,1665244800,3,Sunday,Sunny.,,,High 13.,,,UV index 4 or moderate.
2022-10-08 11:00:00 CDT,1665244800,4,Sunday night,Clear.,,,Low plus 4.,,,
2022-10-08 11:00:00 CDT,1665244800,5,Monday,Sunny.,,,High 18.,,,
2022-10-08 11:00:00 CDT,1665244800,6,Monday night,Clear.,,,Low 7.,,,
2022-10-08 11:00:00 CDT,1665244800,7,Tuesday,Sunny.,,,High 20.,,,
2022-10-08 11:00:00 CDT,1665244800,8,Tuesday night,Clear.,,,Low plus 5.,,,
2022-10-08 11:00:00 CDT,1665244800,9,Wednesday,Cloudy.,,,High 11.,,,
2022-10-08 11:00:00 CDT,1665244800,10,Wednesday night,Cloudy periods.,,,Low minus 1.,,,
2022-10-08 11:00:00 CDT,1665244800,11,Thursday,A mix of sun and cloud.,,,High 12.,,,
2022-10-08 11:00:00 CDT,1665244800,12,Thursday night,Cloudy periods.,,,Low plus 2.,,,
2022-10-08 11:00:00 CDT,1665244800,13,Friday,A mix of sun and cloud.,,,High 14.,,,
2022-10-08 05:00:00 CDT,1665223200,1,Today,Sunny. Becoming a mix of sun and cloud this morning.,,,High 16.,,,UV index 3 or moderate.
2022-10-08 05:00:00 CDT,1665223200,2,Tonight,Partly cloudy. Clearing after midnight.,,,Low zero.,,,
2022-10-08 05:00:00 CDT,1665223200,3,Sunday,Sunny.,,,High 13.,,,UV index 4 or moderate.
2022-10-08 05:00:00 CDT,1665223200,4,Sunday night,Clear.,,,Low plus 3.,,,
2022-10-08 05:00:00 CDT,1665223200,5,Monday,Sunny.,,,High 18.,,,
2022-10-08 05:00:00 CDT,1665223200,6,Monday night,Clear.,,,Low 7.,,,
2022-10-08 05:00:00 CDT,1665223200,7,Tuesday,Sunny.,,,High 20.,,,
2022-10-08 05:00:00 CDT,1665223200,8,Tuesday night,Clear.,,,Low plus 5.,,,
2022-10-08 05:00:00 CDT,1665223200,9,Wednesday,Cloudy.,,,High 11.,,,
2022-10-08 05:00:00 CDT,1665223200,10,Wednesday night,Cloudy periods.,,,Low minus 1.,,,
2022-10-08 05:00:00 CDT,1665223200,11,Thursday,A mix of sun and cloud.,,,High 12.,,,
2022-10-08 05:00:00 CDT,1665223200,12,Thursday night,Cloudy periods.,,,Low plus 2.,,,
2022-10-08 05:00:00 CDT,1665223200,13,Friday,A mix of sun and cloud.,,,High 14.,,,
2022-10-07 16:00:00 CDT,1665176400,1,Tonight,Clear. Becoming partly cloudy this evening.,,Wind southwest 20 km/h gusting to 40 becoming light after midnight.,Low plus 1.,,,
2022-10-07 16:00:00 CDT,1665176400,2,Saturday,Sunny. Becoming a mix of sun and cloud in the morning.,,,High 16.,,,UV index 3 or moderate.
2022-10-07 16:00:00 CDT,1665176400,3,Saturday night,Mainly cloudy. Clearing after midnight.,,,Low plus 2.,,,
2022-10-07 16:00:00 CDT,1665176400,4,Sunday,Sunny.,,,High 14.,,,
2022-10-07 16:00:00 CDT,1665176400,5,Sunday night,Clear.,,,Low plus 3.,,,
2022-10-07 16:00:00 CDT,1665176400,6,Monday,Sunny.,,,High 17.,,,
2022-10-07 16:00:00 CDT,1665176400,7,Monday night,Clear.,,,Low 8.,,,
2022-10-07 16:00:00 CDT,1665176400,8,Tuesday,Sunny.,,,High 19.,,,
2022-10-07 16:00:00 CDT,1665176400,9,Tuesday night,Cloudy periods.,,,Low plus 4.,,,
2022-10-07 16:00:00 CDT,1665176400,10,Wednesday,A mix of sun and cloud.,,,High 9.,,,
2022-10-07 16:00:00 CDT,1665176400,11,Wednesday night,Cloudy periods.,,,Low minus 2.,,,
2022-10-07 16:00:00 CDT,1665176400,12,Thursday,Sunny.,,,High 12.,,,
2022-10-07 11:00:00 CDT,1665158400,1,Today,Sunny.,,Wind southwest 20 km/h gusting to 40.,High 11.,,,UV index 4 or moderate.
2022-10-07 11:00:00 CDT,1665158400,2,Tonight,A few clouds.,,Wind west 20 km/h becoming light before morning.,Low plus 1.,,,
2022-10-07 11:00:00 CDT,1665158400,3,Saturday,Sunny. Becoming a mix of sun and cloud in the morning.,,,High 14.,,,UV index 3 or moderate.
2022-10-07 11:00:00 CDT,1665158400,4,Saturday night,Clear.,,,Low plus 1.,,,
2022-10-07 11:00:00 CDT,1665158400,5,Sunday,Sunny.,,,High 15.,,,
2022-10-07 11:00:00 CDT,1665158400,6,Sunday night,Clear.,,,Low plus 3.,,,
2022-10-07 11:00:00 CDT,1665158400,7,Monday,Sunny.,,,High 17.,,,
2022-10-07 11:00:00 CDT,1665158400,8,Monday night,Clear.,,,Low 6.,,,
2022-10-07 11:00:00 CDT,1665158400,9,Tuesday,Sunny.,,,High 18.,,,
2022-10-07 11:00:00 CDT,1665158400,10,Tuesday night,Cloudy periods.,,,Low plus 5.,,,
2022-10-07 11:00:00 CDT,1665158400,11,Wednesday,A mix of sun and cloud.,,,High 11.,,,
2022-10-07 11:00:00 CDT,1665158400,12,Wednesday night,Clear.,,,Low minus 2.,,,
2022-10-07 11:00:00 CDT,1665158400,13,Thursday,Sunny.,,,High 14.,,,
2022-10-07 05:00:00 CDT,1665136800,1,Today,Sunny.,,Wind becoming southwest 20 km/h gusting to 40 this morning.,High 11.,Wind chill minus 9 this morning.,,UV index 4 or moderate.
2022-10-07 05:00:00 CDT,1665136800,2,Tonight,A few clouds.,,Wind west 20 km/h becoming light before morning.,Low plus 1.,,,
2022-10-07 05:00:00 CDT,1665136800,3,Saturday,Sunny. Becoming a mix of sun and cloud in the morning.,,,High 14.,,,UV index 3 or moderate.
2022-10-07 05:00:00 CDT,1665136800,4,Saturday night,Cloudy periods.,,,Low plus 2.,,,
2022-10-07 05:00:00 CDT,1665136800,5,Sunday,Sunny.,,,High 15.,,,
2022-10-07 05:00:00 CDT,1665136800,6,Sunday night,Clear.,,,Low plus 3.,,,
2022-10-07 05:00:00 CDT,1665136800,7,Monday,Sunny.,,,High 17.,,,
2022-10-07 05:00:00 CDT,1665136800,8,Monday night,Clear.,,,Low 6.,,,
2022-10-07 05:00:00 CDT,1665136800,9,Tuesday,Sunny.,,,High 18.,,,
2022-10-07 05:00:00 CDT,1665136800,10,Tuesday night,Cloudy periods.,,,Low plus 5.,,,
2022-10-07 05:00:00 CDT,1665136800,11,Wednesday,A mix of sun and cloud.,,,High 11.,,,
2022-10-07 05:00:00 CDT,1665136800,12,Wednesday night,Clear.,,,Low minus 2.,,,
2022-10-07 05:00:00 CDT,1665136800,13,Thursday,Sunny.,,,High 14.,,,
2022-10-07 01:25:00 CDT,1665123900,1,Tonight,Partly cloudy.,,Wind up to 15 km/h.,Low minus 9.,Wind chill minus 13 overnight.,,
2022-10-07 01:25:00 CDT,1665123900,2,Friday,Sunny.,,Wind becoming southwest 20 km/h gusting to 40 in the morning.,High 10.,Wind chill minus 14 in the morning.,,UV index 4 or moderate.
2022-10-07 01:25:00 CDT,1665123900,3,Friday night,Clear.,,Wind southwest 20 km/h gusting to 40 becoming light after midnight.,Low plus 2.,,,
2022-10-07 01:25:00 CDT,1665123900,4,Saturday,Sunny.,,,High 15.,,,
2022-10-07 01:25:00 CDT,1665123900,5,Saturday night,Clear.,,,Low plus 2.,,,
2022-10-07 01:25:00 CDT,1665123900,6,Sunday,Sunny.,,,High 15.,,,
2022-10-07 01:25:00 CDT,1665123900,7,Sunday night,Clear.,,,Low plus 3.,,,
2022-10-07 01:25:00 CDT,1665123900,8,Monday,Sunny.,,,High 17.,,,
2022-10-07 01:25:00 CDT,1665123900,9,Monday night,Clear.,,,Low 6.,,,
2022-10-07 01:25:00 CDT,1665123900,10,Tuesday,Sunny.,,,High 19.,,,
2022-10-07 01:25:00 CDT,1665123900,11,Tuesday night,Cloudy periods.,,,Low plus 2.,,,
2022-10-07 01:25:00 CDT,1665123900,12,Wednesday,A mix of sun and cloud.,,,High 11.,,,
2022-10-06 16:00:00 CDT,1665090000,1,Tonight,Cloudy with 30 percent chance of showers early this evening then partly cloudy.,,Wind north 20 km/h gusting to 40 becoming light early this evening.,Low minus 5.,Wind chill minus 9 overnight.,,
2022-10-06 16:00:00 CDT,1665090000,2,Friday,Sunny.,,Wind becoming southwest 20 km/h gusting to 40 in the morning.,High 10.,Wind chill minus 9 in the morning.,,UV index 3 or moderate.
2022-10-06 16:00:00 CDT,1665090000,3,Friday night,Clear.,,Wind southwest 20 km/h gusting to 40 becoming light after midnight.,Low plus 2.,,,
2022-10-06 16:00:00 CDT,1665090000,4,Saturday,Sunny.,,,High 15.,,,
2022-10-06 16:00:00 CDT,1665090000,5,Saturday night,Clear.,,,Low plus 2.,,,
2022-10-06 16:00:00 CDT,1665090000,6,Sunday,Sunny.,,,High 15.,,,
2022-10-06 16:00:00 CDT,1665090000,7,Sunday night,Clear.,,,Low plus 3.,,,
2022-10-06 16:00:00 CDT,1665090000,8,Monday,Sunny.,,,High 17.,,,
2022-10-06 16:00:00 CDT,1665090000,9,Monday night,Clear.,,,Low 6.,,,
2022-10-06 16:00:00 CDT,1665090000,10,Tuesday,Sunny.,,,High 19.,,,
2022-10-06 16:00:00 CDT,1665090000,11,Tuesday night,Cloudy periods.,,,Low plus 2.,,,
2022-10-06 16:00:00 CDT,1665090000,12,Wednesday,A mix of sun and cloud.,,,High 11.,,,
2022-10-06 11:00:00 CDT,1665072000,1,Today,A mix of sun and cloud. 60 percent chance of flurries early this afternoon.,,Wind northeast 20 km/h becoming light late this afternoon.,High plus 5.,,,UV index 3 or moderate.
2022-10-06 11:00:00 CDT,1665072000,2,Tonight,A few clouds.,,Wind up to 15 km/h.,Low minus 5.,Wind chill minus 9 overnight.,,
2022-10-06 11:00:00 CDT,1665072000,3,Friday,Sunny.,,Wind becoming southwest 30 km/h in the morning.,High 10.,Wind chill minus 9 in the morning.,,UV index 3 or moderate.
2022-10-06 11:00:00 CDT,1665072000,4,Friday night,Clear.,,,Low plus 2.,,,
2022-10-06 11:00:00 CDT,1665072000,5,Saturday,Sunny.,,,High 16.,,,
2022-10-06 11:00:00 CDT,1665072000,6,Saturday night,Clear.,,,Low plus 3.,,,
2022-10-06 11:00:00 CDT,1665072000,7,Sunday,Sunny.,,,High 15.,,,
2022-10-06 11:00:00 CDT,1665072000,8,Sunday night,Clear.,,,Low plus 2.,,,
2022-10-06 11:00:00 CDT,1665072000,9,Monday,Sunny.,,,High 17.,,,
2022-10-06 11:00:00 CDT,1665072000,10,Monday night,Clear.,,,Low 6.,,,
2022-10-06 11:00:00 CDT,1665072000,11,Tuesday,A mix of sun and cloud.,,,High 19.,,,
2022-10-06 11:00:00 CDT,1665072000,12,Tuesday night,Cloudy periods.,,,Low plus 3.,,,
2022-10-06 11:00:00 CDT,1665072000,13,Wednesday,A mix of sun and cloud.,,,High 9.,,,
2022-10-06 05:00:00 CDT,1665050400,1,Today,A mix of sun and cloud. 60 percent chance of flurries early this morning then 60 percent chance of rain showers this morning.,,Wind north 20 km/h.,High plus 5.,,,UV index 3 or moderate.
2022-10-06 05:00:00 CDT,1665050400,2,Tonight,A few clouds.,,Wind north 20 km/h becoming light early this evening.,Low minus 5.,Wind chill minus 9 overnight.,,
2022-10-06 05:00:00 CDT,1665050400,3,Friday,Sunny.,,Wind becoming southwest 30 km/h in the morning.,High 10.,Wind chill minus 9 in the morning.,,UV index 3 or moderate.
2022-10-06 05:00:00 CDT,1665050400,4,Friday night,Clear.,,,Low plus 2.,,,
2022-10-06 05:00:00 CDT,1665050400,5,Saturday,Sunny.,,,High 16.,,,
2022-10-06 05:00:00 CDT,1665050400,6,Saturday night,Clear.,,,Low plus 3.,,,
2022-10-06 05:00:00 CDT,1665050400,7,Sunday,Sunny.,,,High 15.,,,
2022-10-06 05:00:00 CDT,1665050400,8,Sunday night,Clear.,,,Low plus 2.,,,
2022-10-06 05:00:00 CDT,1665050400,9,Monday,Sunny.,,,High 17.,,,
2022-10-06 05:00:00 CDT,1665050400,10,Monday night,Clear.,,,Low 6.,,,
2022-10-06 05:00:00 CDT,1665050400,11,Tuesday,A mix of sun and cloud.,,,High 19.,,,
2022-10-06 05:00:00 CDT,1665050400,12,Tuesday night,Cloudy periods.,,,Low plus 3.,,,
2022-10-06 05:00:00 CDT,1665050400,13,Wednesday,A mix of sun and cloud.,,,High 9.,,,
2022-10-05 23:51:00 CDT,1665031860,1,Tonight,A few rain showers changing to a few flurries and rain showers near midnight.,,Wind north 30 km/h gusting to 50.,Low plus 1.,,,
2022-10-05 23:51:00 CDT,1665031860,2,Thursday,Cloudy with 30 percent chance of flurries or rain showers early in the morning then a mix of sun and cloud.,,Wind north 20 km/h gusting to 40 becoming light late in the afternoon.,High 6.,,,UV index 3 or moderate.
2022-10-05 23:51:00 CDT,1665031860,3,Thursday night,Partly cloudy.,,Wind up to 15 km/h.,Low minus 4.,Wind chill minus 8 overnight.,,
2022-10-05 23:51:00 CDT,1665031860,4,Friday,Sunny.,,,High 10.,,,
2022-10-05 23:51:00 CDT,1665031860,5,Friday night,Clear.,,,Low plus 2.,,,
2022-10-05 23:51:00 CDT,1665031860,6,Saturday,Sunny.,,,High 16.,,,
2022-10-05 23:51:00 CDT,1665031860,7,Saturday night,Clear.,,,Low 6.,,,
2022-10-05 23:51:00 CDT,1665031860,8,Sunday,A mix of sun and cloud.,,,High 11.,,,
2022-10-05 23:51:00 CDT,1665031860,9,Sunday night,Clear.,,,Low plus 5.,,,
2022-10-05 23:51:00 CDT,1665031860,10,Monday,Sunny.,,,High 18.,,,
2022-10-05 23:51:00 CDT,1665031860,11,Monday night,Clear.,,,Low 6.,,,
2022-10-05 23:51:00 CDT,1665031860,12,Tuesday,Sunny.,,,High 20.,,,
2022-10-05 16:00:00 CDT,1665003600,1,Tonight,Increasing cloudiness. 30 percent chance of rain showers changing to 30 percent chance of flurries or rain showers near midnight.,,Wind north 20 km/h increasing to 40 gusting to 60 early this evening.,Low plus 1.,,,
2022-10-05 16:00:00 CDT,1665003600,2,Thursday,Cloudy with 30 percent chance of flurries or rain showers early in the morning then a mix of sun and cloud.,,Wind north 20 km/h gusting to 40 becoming light late in the afternoon.,High 6.,,,UV index 3 or moderate.
2022-10-05 16:00:00 CDT,1665003600,3,Thursday night,Partly cloudy.,,Wind up to 15 km/h.,Low minus 4.,Wind chill minus 8 overnight.,,
2022-10-05 16:00:00 CDT,1665003600,4,Friday,Sunny.,,,High 10.,,,
2022-10-05 16:00:00 CDT,1665003600,5,Friday night,Clear.,,,Low plus 2.,,,
2022-10-05 16:00:00 CDT,1665003600,6,Saturday,Sunny.,,,High 16.,,,
2022-10-05 16:00:00 CDT,1665003600,7,Saturday night,Clear.,,,Low 6.,,,
2022-10-05 16:00:00 CDT,1665003600,8,Sunday,A mix of sun and cloud.,,,High 11.,,,
2022-10-05 16:00:00 CDT,1665003600,9,Sunday night,Clear.,,,Low plus 5.,,,
2022-10-05 16:00:00 CDT,1665003600,10,Monday,Sunny.,,,High 18.,,,
2022-10-05 16:00:00 CDT,1665003600,11,Monday night,Clear.,,,Low 6.,,,
2022-10-05 16:00:00 CDT,1665003600,12,Tuesday,Sunny.,,,High 20.,,,
2022-10-05 11:00:00 CDT,1664985600,1,Today,A mix of sun and cloud with 30 percent chance of showers.,,Wind becoming north 30 km/h gusting to 50 early this afternoon.,High 18.,,,UV index 4 or moderate.
2022-10-05 11:00:00 CDT,1664985600,2,Tonight,Partly cloudy. 30 percent chance of rain showers this evening then 30 percent chance of flurries overnight.,,Wind north 40 km/h gusting to 60 diminishing to 20 gusting to 40 late this evening.,Low minus 1.,,,
2022-10-05 11:00:00 CDT,1664985600,3,Thursday,Mainly cloudy. 30 percent chance of flurries early in the morning.,,Wind north 20 km/h gusting to 40.,High plus 5.,,,UV index 3 or moderate.
2022-10-05 11:00:00 CDT,1664985600,4,Thursday night,Clear.,,,Low minus 4.,,,
2022-10-05 11:00:00 CDT,1664985600,5,Friday,Sunny.,,,High 10.,,,
2022-10-05 11:00:00 CDT,1664985600,6,Friday night,Clear.,,,Low plus 2.,,,
2022-10-05 11:00:00 CDT,1664985600,7,Saturday,Sunny.,,,High 17.,,,
2022-10-05 11:00:00 CDT,1664985600,8,Saturday night,Cloudy periods.,,,Low plus 5.,,,
2022-10-05 11:00:00 CDT,1664985600,9,Sunday,Sunny.,,,High 12.,,,
2022-10-05 11:00:00 CDT,1664985600,10,Sunday night,Clear.,,,Low plus 5.,,,
2022-10-05 11:00:00 CDT,1664985600,11,Monday,Sunny.,,,High 18.,,,
2022-10-05 11:00:00 CDT,1664985600,12,Monday night,Clear.,,,Low 7.,,,
2022-10-05 11:00:00 CDT,1664985600,13,Tuesday,A mix of sun and cloud.,,,High 18.,,,
2022-10-05 05:00:00 CDT,1664964000,1,Today,A mix of sun and cloud. 30 percent chance of showers.,Fog patches dissipating this morning.,Wind becoming north 30 km/h gusting to 50 early this afternoon.,High 18.,,,UV index 4 or moderate.
2022-10-05 05:00:00 CDT,1664964000,2,Tonight,Partly cloudy. 30 percent chance of rain showers this evening then 30 percent chance of flurries overnight.,,Wind north 40 km/h gusting to 60 diminishing to 20 gusting to 40 late this evening.,Low minus 1.,,,
2022-10-05 05:00:00 CDT,1664964000,3,Thursday,Mainly cloudy. 30 percent chance of flurries early in the morning.,,Wind north 20 km/h gusting to 40.,High plus 5.,,,UV index 3 or moderate.
2022-10-05 05:00:00 CDT,1664964000,4,Thursday night,Clear.,,,Low minus 4.,,,
2022-10-05 05:00:00 CDT,1664964000,5,Friday,Sunny.,,,High 10.,,,
2022-10-05 05:00:00 CDT,1664964000,6,Friday night,Clear.,,,Low plus 2.,,,
2022-10-05 05:00:00 CDT,1664964000,7,Saturday,Sunny.,,,High 17.,,,
2022-10-05 05:00:00 CDT,1664964000,8,Saturday night,Cloudy periods.,,,Low plus 5.,,,
2022-10-05 05:00:00 CDT,1664964000,9,Sunday,Sunny.,,,High 12.,,,
2022-10-05 05:00:00 CDT,1664964000,10,Sunday night,Clear.,,,Low plus 5.,,,
2022-10-05 05:00:00 CDT,1664964000,11,Monday,Sunny.,,,High 18.,,,
2022-10-05 05:00:00 CDT,1664964000,12,Monday night,Clear.,,,Low 7.,,,
2022-10-05 05:00:00 CDT,1664964000,13,Tuesday,A mix of sun and cloud.,,,High 18.,,,
2022-10-04 16:00:00 CDT,1664917200,1,Tonight,Clear.,Fog patches overnight.,,Low 6.,,,
2022-10-04 16:00:00 CDT,1664917200,2,Wednesday,Sunny early in the morning then a mix of sun and cloud with 30 percent chance of showers in the afternoon.,Fog patches in the morning.,Wind becoming north 30 km/h gusting to 50 late in the afternoon.,High 16.,,,UV index 4 or moderate.
2022-10-04 16:00:00 CDT,1664917200,3,Wednesday night,Partly cloudy. 30 percent chance of rain showers changing to 30 percent chance of flurries overnight.,,Wind north 30 km/h gusting to 50.,Low plus 1.,,,
2022-10-04 16:00:00 CDT,1664917200,4,Thursday,A mix of sun and cloud.,,,High 7.,,,
2022-10-04 16:00:00 CDT,1664917200,5,Thursday night,Clear.,,,Low minus 4.,,,
2022-10-04 16:00:00 CDT,1664917200,6,Friday,Sunny.,,,High 10.,,,
2022-10-04 16:00:00 CDT,1664917200,7,Friday night,Clear.,,,Low plus 2.,,,
2022-10-04 16:00:00 CDT,1664917200,8,Saturday,Sunny.,,,High 18.,,,
2022-10-04 16:00:00 CDT,1664917200,9,Saturday night,Cloudy periods.,,,Low plus 4.,,,
2022-10-04 16:00:00 CDT,1664917200,10,Sunday,A mix of sun and cloud.,,,High 14.,,,
2022-10-04 16:00:00 CDT,1664917200,11,Sunday night,Clear.,,,Low plus 3.,,,
2022-10-04 16:00:00 CDT,1664917200,12,Monday,Sunny.,,,High 17.,,,
2022-10-04 11:00:00 CDT,1664899200,1,Today,A mix of sun and cloud.,,,High 20.,,,UV index 4 or moderate.
2022-10-04 11:00:00 CDT,1664899200,2,Tonight,A few clouds.,Fog patches overnight.,,Low 6.,,,
2022-10-04 11:00:00 CDT,1664899200,3,Wednesday,A mix of sun and cloud.,Fog patches in the morning.,Wind becoming north 30 km/h gusting to 50 early in the afternoon.,High 16.,,,UV index 4 or moderate.
2022-10-04 11:00:00 CDT,1664899200,4,Wednesday night,Cloudy periods.,,,Low plus 1.,,,
2022-10-04 11:00:00 CDT,1664899200,5,Thursday,A mix of sun and cloud.,,,High 7.,,,
2022-10-04 11:00:00 CDT,1664899200,6,Thursday night,Clear.,,,Low minus 4.,,,
2022-10-04 11:00:00 CDT,1664899200,7,Friday,Sunny.,,,High 10.,,,
2022-10-04 11:00:00 CDT,1664899200,8,Friday night,Clear.,,,Low plus 1.,,,
2022-10-04 11:00:00 CDT,1664899200,9,Saturday,Sunny.,,,High 15.,,,
2022-10-04 11:00:00 CDT,1664899200,10,Saturday night,Cloudy periods.,,,Low plus 3.,,,
2022-10-04 11:00:00 CDT,1664899200,11,Sunday,A mix of sun and cloud.,,,High 14.,,,
2022-10-04 11:00:00 CDT,1664899200,12,Sunday night,Clear.,,,Low plus 3.,,,
2022-10-04 11:00:00 CDT,1664899200,13,Monday,Sunny.,,,High 17.,,,
2022-10-04 07:36:00 CDT,1664886960,1,Today,A mix of sun and cloud.,Fog patches this morning.,,High 20.,,,UV index 4 or moderate.
2022-10-04 07:36:00 CDT,1664886960,2,Tonight,A few clouds.,Fog patches overnight.,,Low 6.,,,
2022-10-04 07:36:00 CDT,1664886960,3,Wednesday,A mix of sun and cloud.,Fog patches in the morning.,Wind becoming north 30 km/h gusting to 50 early in the afternoon.,High 16.,,,UV index 4 or moderate.
2022-10-04 07:36:00 CDT,1664886960,4,Wednesday night,Cloudy periods.,,Windy.,Low zero.,,,
2022-10-04 07:36:00 CDT,1664886960,5,Thursday,A mix of sun and cloud.,,,High 7.,,,
2022-10-04 07:36:00 CDT,1664886960,6,Thursday night,Clear.,,,Low minus 4.,,,
2022-10-04 07:36:00 CDT,1664886960,7,Friday,Sunny.,,,High 10.,,,
2022-10-04 07:36:00 CDT,1664886960,8,Friday night,Clear.,,,Low plus 1.,,,
2022-10-04 07:36:00 CDT,1664886960,9,Saturday,Sunny.,,,High 15.,,,
2022-10-04 07:36:00 CDT,1664886960,10,Saturday night,Cloudy periods.,,,Low plus 3.,,,
2022-10-04 07:36:00 CDT,1664886960,11,Sunday,A mix of sun and cloud.,,,High 14.,,,
2022-10-04 07:36:00 CDT,1664886960,12,Sunday night,Clear.,,,Low plus 3.,,,
2022-10-04 07:36:00 CDT,1664886960,13,Monday,Sunny.,,,High 17.,,,
2022-10-04 05:00:00 CDT,1664877600,1,Today,A mix of sun and cloud.,,,High 20.,,,UV index 4 or moderate.
2022-10-04 05:00:00 CDT,1664877600,2,Tonight,A few clouds.,Fog patches overnight.,,Low 6.,,,
2022-10-04 05:00:00 CDT,1664877600,3,Wednesday,A mix of sun and cloud.,Fog patches in the morning.,Wind becoming north 30 km/h gusting to 50 early in the afternoon.,High 16.,,,UV index 4 or moderate.
2022-10-04 05:00:00 CDT,1664877600,4,Wednesday night,Cloudy periods.,,Windy.,Low zero.,,,
2022-10-04 05:00:00 CDT,1664877600,5,Thursday,A mix of sun and cloud.,,,High 7.,,,
2022-10-04 05:00:00 CDT,1664877600,6,Thursday night,Clear.,,,Low minus 4.,,,
2022-10-04 05:00:00 CDT,1664877600,7,Friday,Sunny.,,,High 10.,,,
2022-10-04 05:00:00 CDT,1664877600,8,Friday night,Clear.,,,Low plus 1.,,,
2022-10-04 05:00:00 CDT,1664877600,9,Saturday,Sunny.,,,High 15.,,,
2022-10-04 05:00:00 CDT,1664877600,10,Saturday night,Cloudy periods.,,,Low plus 3.,,,
2022-10-04 05:00:00 CDT,1664877600,11,Sunday,A mix of sun and cloud.,,,High 14.,,,
2022-10-04 05:00:00 CDT,1664877600,12,Sunday night,Clear.,,,Low plus 3.,,,
2022-10-04 05:00:00 CDT,1664877600,13,Monday,Sunny.,,,High 17.,,,
2022-10-03 16:36:00 CDT,1664832960,1,Tonight,Partly cloudy.,Fog patches developing overnight.,,Low 9.,,,
2022-10-03 16:36:00 CDT,1664832960,2,Tuesday,A mix of sun and cloud.,Fog patches dissipating in the morning.,,High 19.,,,UV index 4 or moderate.
2022-10-03 16:36:00 CDT,1664832960,3,Tuesday night,A few clouds.,Fog patches developing overnight.,,Low 6.,,,
2022-10-03 16:36:00 CDT,1664832960,4,Wednesday,Clearing.,,,High 17.,,,
2022-10-03 16:36:00 CDT,1664832960,5,Wednesday night,Cloudy periods.,,Windy.,Low minus 1.,,,
2022-10-03 16:36:00 CDT,1664832960,6,Thursday,Sunny.,,,High 8.,,,
2022-10-03 16:36:00 CDT,1664832960,7,Thursday night,Clear.,,,Low minus 3.,,,
2022-10-03 16:36:00 CDT,1664832960,8,Friday,Sunny.,,,High 11.,,,
2022-10-03 16:36:00 CDT,1664832960,9,Friday night,Clear.,,,Low plus 1.,,,
2022-10-03 16:36:00 CDT,1664832960,10,Saturday,A mix of sun and cloud.,,,High 15.,,,
2022-10-03 16:36:00 CDT,1664832960,11,Saturday night,Cloudy periods.,,,Low plus 3.,,,
2022-10-03 16:36:00 CDT,1664832960,12,Sunday,A mix of sun and cloud.,,,High 14.,,,
2022-10-03 16:00:00 CDT,1664830800,1,Tonight,Partly cloudy.,,,Low 9.,,,
2022-10-03 16:00:00 CDT,1664830800,2,Tuesday,A mix of sun and cloud.,,,High 19.,,,UV index 4 or moderate.
2022-10-03 16:00:00 CDT,1664830800,3,Tuesday night,A few clouds.,,,Low 6.,,,
2022-10-03 16:00:00 CDT,1664830800,4,Wednesday,Clearing.,,,High 17.,,,
2022-10-03 16:00:00 CDT,1664830800,5,Wednesday night,Cloudy periods.,,Windy.,Low minus 1.,,,
2022-10-03 16:00:00 CDT,1664830800,6,Thursday,Sunny.,,,High 8.,,,
2022-10-03 16:00:00 CDT,1664830800,7,Thursday night,Clear.,,,Low minus 3.,,,
2022-10-03 16:00:00 CDT,1664830800,8,Friday,Sunny.,,,High 11.,,,
2022-10-03 16:00:00 CDT,1664830800,9,Friday night,Clear.,,,Low plus 1.,,,
2022-10-03 16:00:00 CDT,1664830800,10,Saturday,A mix of sun and cloud.,,,High 15.,,,
2022-10-03 16:00:00 CDT,1664830800,11,Saturday night,Cloudy periods.,,,Low plus 3.,,,
2022-10-03 16:00:00 CDT,1664830800,12,Sunday,A mix of sun and cloud.,,,High 14.,,,
2022-10-03 11:00:00 CDT,1664812800,1,Today,Mainly cloudy.,,,High 20.,,,UV index 3 or moderate.
2022-10-03 11:00:00 CDT,1664812800,2,Tonight,Partly cloudy.,,,Low 10.,,,
2022-10-03 11:00:00 CDT,1664812800,3,Tuesday,A mix of sun and cloud.,Fog patches in the morning.,,High 19.,,,UV index 4 or moderate.
2022-10-03 11:00:00 CDT,1664812800,4,Tuesday night,Clear.,,,Low 7.,,,
2022-10-03 11:00:00 CDT,1664812800,5,Wednesday,Cloudy.,,,High 15.,,,
2022-10-03 11:00:00 CDT,1664812800,6,Wednesday night,Cloudy periods.,,,Low minus 2.,,,
2022-10-03 11:00:00 CDT,1664812800,7,Thursday,Sunny.,,,High 8.,,,
2022-10-03 11:00:00 CDT,1664812800,8,Thursday night,Clear.,,,Low minus 3.,,,
2022-10-03 11:00:00 CDT,1664812800,9,Friday,Sunny.,,,High 11.,,,
2022-10-03 11:00:00 CDT,1664812800,10,Friday night,Clear.,,,Low zero.,,,
2022-10-03 11:00:00 CDT,1664812800,11,Saturday,A mix of sun and cloud.,,,High 14.,,,
2022-10-03 11:00:00 CDT,1664812800,12,Saturday night,Cloudy periods.,,,Low plus 3.,,,
2022-10-03 11:00:00 CDT,1664812800,13,Sunday,A mix of sun and cloud.,,,High 15.,,,
2022-10-03 05:00:00 CDT,1664791200,1,Today,Increasing cloudiness early this morning. 40 percent chance of showers.,,Wind south 20 km/h becoming light this morning.,High 20.,,,UV index 3 or moderate.
2022-10-03 05:00:00 CDT,1664791200,2,Tonight,Mainly cloudy.,,,Low 10.,,,
2022-10-03 05:00:00 CDT,1664791200,3,Tuesday,A mix of sun and cloud.,Fog patches in the morning.,,High 19.,,,UV index 4 or moderate.
2022-10-03 05:00:00 CDT,1664791200,4,Tuesday night,Clear.,,,Low 8.,,,
2022-10-03 05:00:00 CDT,1664791200,5,Wednesday,Cloudy.,,,High 15.,,,
2022-10-03 05:00:00 CDT,1664791200,6,Wednesday night,Cloudy periods.,,,Low minus 2.,,,
2022-10-03 05:00:00 CDT,1664791200,7,Thursday,Sunny.,,,High 8.,,,
2022-10-03 05:00:00 CDT,1664791200,8,Thursday night,Clear.,,,Low minus 3.,,,
2022-10-03 05:00:00 CDT,1664791200,9,Friday,Sunny.,,,High 11.,,,
2022-10-03 05:00:00 CDT,1664791200,10,Friday night,Clear.,,,Low zero.,,,
2022-10-03 05:00:00 CDT,1664791200,11,Saturday,A mix of sun and cloud.,,,High 14.,,,
2022-10-03 05:00:00 CDT,1664791200,12,Saturday night,Cloudy periods.,,,Low plus 3.,,,
2022-10-03 05:00:00 CDT,1664791200,13,Sunday,A mix of sun and cloud.,,,High 15.,,,
2022-10-02 16:00:00 CDT,1664744400,1,Tonight,A few clouds.,Fog patches developing after midnight.,Wind southeast 20 km/h gusting to 40 becoming light early this evening.,Low 9.,,,
2022-10-02 16:00:00 CDT,1664744400,2,Monday,A mix of sun and cloud. Becoming cloudy late in the morning with 30 percent chance of showers in the afternoon.,Fog patches dissipating in the morning.,,High 22.,,Humidex 25.,UV index 3 or moderate.
2022-10-02 16:00:00 CDT,1664744400,3,Monday night,Mainly cloudy.,,,Low 9.,,,
2022-10-02 16:00:00 CDT,1664744400,4,Tuesday,Sunny.,,,High 20.,,,
2022-10-02 16:00:00 CDT,1664744400,5,Tuesday night,Clear.,,,Low 9.,,,
2022-10-02 16:00:00 CDT,1664744400,6,Wednesday,A mix of sun and cloud.,,,High 17.,,,
2022-10-02 16:00:00 CDT,1664744400,7,Wednesday night,Cloudy.,,Windy.,Low plus 1.,,,
2022-10-02 16:00:00 CDT,1664744400,8,Thursday,A mix of sun and cloud.,,,High 8.,,,
2022-10-02 16:00:00 CDT,1664744400,9,Thursday night,Clear.,,,Low minus 4.,,,
2022-10-02 16:00:00 CDT,1664744400,10,Friday,Sunny.,,,High 10.,,,
2022-10-02 16:00:00 CDT,1664744400,11,Friday night,Clear.,,,Low zero.,,,
2022-10-02 16:00:00 CDT,1664744400,12,Saturday,Sunny.,,,High 15.,,,
2022-10-02 11:00:00 CDT,1664726400,1,Today,A mix of sun and cloud.,,Wind becoming south 20 km/h late this afternoon.,High 19.,,,UV index 4 or moderate.
2022-10-02 11:00:00 CDT,1664726400,2,Tonight,A few clouds.,Fog patches developing after midnight.,Wind south 20 km/h becoming light early this evening.,Low 10.,,,
2022-10-02 11:00:00 CDT,1664726400,3,Monday,A mix of sun and cloud.,Fog patches dissipating in the morning.,,High 19.,,,UV index 4 or moderate.
2022-10-02 11:00:00 CDT,1664726400,4,Monday night,Cloudy periods.,,,Low 10.,,,
2022-10-02 11:00:00 CDT,1664726400,5,Tuesday,Clearing.,,,High 20.,,,
2022-10-02 11:00:00 CDT,1664726400,6,Tuesday night,Clear.,,,Low 9.,,,
2022-10-02 11:00:00 CDT,1664726400,7,Wednesday,Sunny.,,,High 17.,,,
2022-10-02 11:00:00 CDT,1664726400,8,Wednesday night,Cloudy periods.,,,Low zero.,,,
2022-10-02 11:00:00 CDT,1664726400,9,Thursday,A mix of sun and cloud.,,,High 9.,,,
2022-10-02 11:00:00 CDT,1664726400,10,Thursday night,Clear.,,,Low minus 4.,,,
2022-10-02 11:00:00 CDT,1664726400,11,Friday,Sunny.,,,High 10.,,,
2022-10-02 11:00:00 CDT,1664726400,12,Friday night,Clear.,,,Low zero.,,,
2022-10-02 11:00:00 CDT,1664726400,13,Saturday,A mix of sun and cloud.,,,High 14.,,,
2022-10-02 05:00:00 CDT,1664704800,1,Today,A mix of sun and cloud.,Fog patches dissipating this morning.,Wind becoming south 20 km/h late this afternoon.,High 19.,,,UV index 4 or moderate.
2022-10-02 05:00:00 CDT,1664704800,2,Tonight,A few clouds.,Fog patches developing after midnight.,Wind south 20 km/h becoming light early this evening.,Low 10.,,,
2022-10-02 05:00:00 CDT,1664704800,3,Monday,A mix of sun and cloud.,Fog patches dissipating in the morning.,,High 19.,,,UV index 4 or moderate.
2022-10-02 05:00:00 CDT,1664704800,4,Monday night,Cloudy periods.,,,Low 11.,,,
2022-10-02 05:00:00 CDT,1664704800,5,Tuesday,Sunny.,,,High 20.,,,
2022-10-02 05:00:00 CDT,1664704800,6,Tuesday night,Clear.,,,Low 9.,,,
2022-10-02 05:00:00 CDT,1664704800,7,Wednesday,Sunny.,,,High 17.,,,
2022-10-02 05:00:00 CDT,1664704800,8,Wednesday night,Cloudy periods.,,,Low zero.,,,
2022-10-02 05:00:00 CDT,1664704800,9,Thursday,A mix of sun and cloud.,,,High 9.,,,
2022-10-02 05:00:00 CDT,1664704800,10,Thursday night,Clear.,,,Low minus 4.,,,
2022-10-02 05:00:00 CDT,1664704800,11,Friday,Sunny.,,,High 10.,,,
2022-10-02 05:00:00 CDT,1664704800,12,Friday night,Clear.,,,Low zero.,,,
2022-10-02 05:00:00 CDT,1664704800,13,Saturday,A mix of sun and cloud.,,,High 14.,,,
2022-10-01 18:27:00 CDT,1664666820,1,Tonight,Clearing.,Fog patches developing after midnight.,,Low 8.,,,
2022-10-01 18:27:00 CDT,1664666820,2,Sunday,Mainly sunny.,Fog patches dissipating in the morning.,Wind becoming southeast 20 km/h early in the afternoon.,High 18.,,,UV index 4 or moderate.
2022-10-01 18:27:00 CDT,1664666820,3,Sunday night,A few clouds.,,Wind southeast 20 km/h becoming light late in the evening.,Low 11.,,,
2022-10-01 18:27:00 CDT,1664666820,4,Monday,Sunny.,,,High 24.,,,
2022-10-01 18:27:00 CDT,1664666820,5,Monday night,Clear.,,,Low 8.,,,
2022-10-01 18:27:00 CDT,1664666820,6,Tuesday,Sunny.,,,High 23.,,,
2022-10-01 18:27:00 CDT,1664666820,7,Tuesday night,Clear.,,,Low 10.,,,
2022-10-01 18:27:00 CDT,1664666820,8,Wednesday,A mix of sun and cloud.,,,High 15.,,,
2022-10-01 18:27:00 CDT,1664666820,9,Wednesday night,Cloudy periods.,,,Low minus 3.,,,
2022-10-01 18:27:00 CDT,1664666820,10,Thursday,Sunny.,,,High 7.,,,
2022-10-01 18:27:00 CDT,1664666820,11,Thursday night,Clear.,,,Low minus 4.,,,
2022-10-01 18:27:00 CDT,1664666820,12,Friday,Sunny.,,,High 11.,,,
2022-10-01 16:00:00 CDT,1664658000,1,Tonight,Cloudy. Clearing after midnight.,Fog patches developing after midnight.,,Low 8.,,,
2022-10-01 16:00:00 CDT,1664658000,2,Sunday,Mainly sunny.,Fog patches dissipating in the morning.,Wind southeast 20 km/h.,High 18.,,,UV index 4 or moderate.
2022-10-01 16:00:00 CDT,1664658000,3,Sunday night,A few clouds.,,Wind southeast 20 km/h becoming light late in the evening.,Low 11.,,,
2022-10-01 16:00:00 CDT,1664658000,4,Monday,Sunny.,,,High 24.,,,
2022-10-01 16:00:00 CDT,1664658000,5,Monday night,Clear.,,,Low 8.,,,
2022-10-01 16:00:00 CDT,1664658000,6,Tuesday,Sunny.,,,High 23.,,,
2022-10-01 16:00:00 CDT,1664658000,7,Tuesday night,Clear.,,,Low 10.,,,
2022-10-01 16:00:00 CDT,1664658000,8,Wednesday,A mix of sun and cloud.,,,High 15.,,,
2022-10-01 16:00:00 CDT,1664658000,9,Wednesday night,Cloudy periods.,,,Low minus 3.,,,
2022-10-01 16:00:00 CDT,1664658000,10,Thursday,Sunny.,,,High 7.,,,
2022-10-01 16:00:00 CDT,1664658000,11,Thursday night,Clear.,,,Low minus 4.,,,
2022-10-01 16:00:00 CDT,1664658000,12,Friday,Sunny.,,,High 11.,,,
2022-10-01 11:00:00 CDT,1664640000,1,Today,Overcast.,,,High 14.,,,UV index 2 or low.
2022-10-01 11:00:00 CDT,1664640000,2,Tonight,Partly cloudy.,,,Low 8.,,,
2022-10-01 11:00:00 CDT,1664640000,3,Sunday,A mix of sun and cloud.,,Wind southeast 20 km/h.,High 20.,,,UV index 4 or moderate.
2022-10-01 11:00:00 CDT,1664640000,4,Sunday night,Cloudy periods.,,,Low 10.,,,
2022-10-01 11:00:00 CDT,1664640000,5,Monday,Cloudy.,,,High 18.,,,
2022-10-01 11:00:00 CDT,1664640000,6,Monday night,Cloudy.,,,Low 10.,,,
2022-10-01 11:00:00 CDT,1664640000,7,Tuesday,Clearing.,,,High 21.,,,
2022-10-01 11:00:00 CDT,1664640000,8,Tuesday night,Cloudy periods.,,,Low 8.,,,
2022-10-01 11:00:00 CDT,1664640000,9,Wednesday,Increasing cloudiness.,,,High 12.,,,
2022-10-01 11:00:00 CDT,1664640000,10,Wednesday night,Clear.,,,Low minus 4.,,,
2022-10-01 11:00:00 CDT,1664640000,11,Thursday,Sunny.,,,High 8.,,,
2022-10-01 11:00:00 CDT,1664640000,12,Thursday night,Clear.,,,Low minus 4.,,,
2022-10-01 11:00:00 CDT,1664640000,13,Friday,Sunny.,,,High 11.,,,
2022-10-01 05:00:00 CDT,1664618400,1,Today,Cloudy. Becoming a mix of sun and cloud this afternoon.,Fog patches dissipating this morning.,,High 19.,,,UV index 3 or moderate.
2022-10-01 05:00:00 CDT,1664618400,2,Tonight,Partly cloudy.,,,Low 8.,,,
2022-10-01 05:00:00 CDT,1664618400,3,Sunday,A mix of sun and cloud.,,Wind southeast 20 km/h.,High 20.,,,UV index 4 or moderate.
2022-10-01 05:00:00 CDT,1664618400,4,Sunday night,Clear.,,,Low 11.,,,
2022-10-01 05:00:00 CDT,1664618400,5,Monday,Cloudy.,,,High 18.,,,
2022-10-01 05:00:00 CDT,1664618400,6,Monday night,Cloudy.,,,Low 10.,,,
2022-10-01 05:00:00 CDT,1664618400,7,Tuesday,Clearing.,,,High 21.,,,
2022-10-01 05:00:00 CDT,1664618400,8,Tuesday night,Cloudy periods.,,,Low 8.,,,
2022-10-01 05:00:00 CDT,1664618400,9,Wednesday,Increasing cloudiness.,,,High 12.,,,
2022-10-01 05:00:00 CDT,1664618400,10,Wednesday night,Clear.,,,Low minus 4.,,,
2022-10-01 05:00:00 CDT,1664618400,11,Thursday,Sunny.,,,High 8.,,,
2022-10-01 05:00:00 CDT,1664618400,12,Thursday night,Clear.,,,Low minus 4.,,,
2022-10-01 05:00:00 CDT,1664618400,13,Friday,Sunny.,,,High 11.,,,
2022-09-30 16:00:00 CDT,1664571600,1,Tonight,A few clouds. Increasing cloudiness overnight.,,Wind northeast 20 km/h gusting to 40 becoming light after midnight.,Low 8.,,,
2022-09-30 16:00:00 CDT,1664571600,2,Saturday,Mainly cloudy.,,Wind becoming northeast 20 km/h in the morning.,High 19.,,,UV index 3 or moderate.
2022-09-30 16:00:00 CDT,1664571600,3,Saturday night,Partly cloudy. Clearing overnight.,,,Low 8.,,,
2022-09-30 16:00:00 CDT,1664571600,4,Sunday,Sunny.,,,High 21.,,,
2022-09-30 16:00:00 CDT,1664571600,5,Sunday night,Clear.,,,Low 10.,,,
2022-09-30 16:00:00 CDT,1664571600,6,Monday,A mix of sun and cloud.,,,High 23.,,,
2022-09-30 16:00:00 CDT,1664571600,7,Monday night,Cloudy periods.,,,Low 10.,,,
2022-09-30 16:00:00 CDT,1664571600,8,Tuesday,A mix of sun and cloud.,,,High 22.,,,
2022-09-30 16:00:00 CDT,1664571600,9,Tuesday night,Clear.,,,Low plus 5.,,,
2022-09-30 16:00:00 CDT,1664571600,10,Wednesday,Sunny.,,,High 12.,,,
2022-09-30 16:00:00 CDT,1664571600,11,Wednesday night,Clear.,,,Low minus 5.,,,
2022-09-30 16:00:00 CDT,1664571600,12,Thursday,Sunny.,,,High 9.,,,
2022-09-30 11:00:00 CDT,1664553600,1,Today,Mainly sunny.,,Wind becoming northeast 20 km/h gusting to 40 early this afternoon.,High 21.,,,UV index 5 or moderate.
2022-09-30 11:00:00 CDT,1664553600,2,Tonight,Clear.,,Wind northeast 20 km/h gusting to 40 becoming light after midnight.,Low 8.,,,
2022-09-30 11:00:00 CDT,1664553600,3,Saturday,Mainly sunny.,,Wind becoming northeast 20 km/h in the morning.,High 19.,,,UV index 4 or moderate.
2022-09-30 11:00:00 CDT,1664553600,4,Saturday night,Cloudy periods.,,,Low 8.,,,
2022-09-30 11:00:00 CDT,1664553600,5,Sunday,Sunny.,,,High 22.,,,
2022-09-30 11:00:00 CDT,1664553600,6,Sunday night,Clear.,,,Low 9.,,,
2022-09-30 11:00:00 CDT,1664553600,7,Monday,A mix of sun and cloud.,,,High 23.,,,
2022-09-30 11:00:00 CDT,1664553600,8,Monday night,Cloudy periods.,,,Low 10.,,,
2022-09-30 11:00:00 CDT,1664553600,9,Tuesday,Sunny.,,,High 21.,,,
2022-09-30 11:00:00 CDT,1664553600,10,Tuesday night,Cloudy periods.,,,Low 7.,,,
2022-09-30 11:00:00 CDT,1664553600,11,Wednesday,A mix of sun and cloud.,,,High 14.,,,
2022-09-30 11:00:00 CDT,1664553600,12,Wednesday night,Cloudy periods.,,,Low minus 4.,,,
2022-09-30 11:00:00 CDT,1664553600,13,Thursday,Sunny.,,,High 9.,,,
2022-09-30 05:00:00 CDT,1664532000,1,Today,Mainly sunny.,,Wind becoming northeast 20 km/h gusting to 40 near noon.,High 21.,,,UV index 5 or moderate.
2022-09-30 05:00:00 CDT,1664532000,2,Tonight,Clear.,,Wind northeast 20 km/h gusting to 40 becoming light after midnight.,Low 8.,,,
2022-09-30 05:00:00 CDT,1664532000,3,Saturday,Mainly sunny.,,Wind becoming northeast 20 km/h in the morning.,High 19.,,,UV index 4 or moderate.
2022-09-30 05:00:00 CDT,1664532000,4,Saturday night,Clear.,,,Low 8.,,,
2022-09-30 05:00:00 CDT,1664532000,5,Sunday,Sunny.,,,High 22.,,,
2022-09-30 05:00:00 CDT,1664532000,6,Sunday night,Clear.,,,Low 9.,,,
2022-09-30 05:00:00 CDT,1664532000,7,Monday,A mix of sun and cloud.,,,High 23.,,,
2022-09-30 05:00:00 CDT,1664532000,8,Monday night,Cloudy periods.,,,Low 10.,,,
2022-09-30 05:00:00 CDT,1664532000,9,Tuesday,Sunny.,,,High 21.,,,
2022-09-30 05:00:00 CDT,1664532000,10,Tuesday night,Cloudy periods.,,,Low 7.,,,
2022-09-30 05:00:00 CDT,1664532000,11,Wednesday,A mix of sun and cloud.,,,High 14.,,,
2022-09-30 05:00:00 CDT,1664532000,12,Wednesday night,Cloudy periods.,,,Low minus 4.,,,
2022-09-30 05:00:00 CDT,1664532000,13,Thursday,Sunny.,,,High 9.,,,
2022-09-29 16:00:00 CDT,1664485200,1,Tonight,Clear.,,Wind south 20 km/h becoming light this evening.,Low plus 4.,,,
2022-09-29 16:00:00 CDT,1664485200,2,Friday,Mainly sunny.,,Wind becoming northeast 20 km/h gusting to 40 near noon.,High 21.,,,UV index 5 or moderate.
2022-09-29 16:00:00 CDT,1664485200,3,Friday night,A few clouds.,,Wind northeast 20 km/h gusting to 40.,Low 7.,,,
2022-09-29 16:00:00 CDT,1664485200,4,Saturday,Sunny.,,,High 20.,,,
2022-09-29 16:00:00 CDT,1664485200,5,Saturday night,Clear.,,,Low 8.,,,
2022-09-29 16:00:00 CDT,1664485200,6,Sunday,Sunny.,,,High 22.,,,
2022-09-29 16:00:00 CDT,1664485200,7,Sunday night,Clear.,,,Low 10.,,,
2022-09-29 16:00:00 CDT,1664485200,8,Monday,A mix of sun and cloud.,,,High 23.,,,
2022-09-29 16:00:00 CDT,1664485200,9,Monday night,Cloudy periods.,,,Low plus 5.,,,
2022-09-29 16:00:00 CDT,1664485200,10,Tuesday,A mix of sun and cloud.,,,High 19.,,,
2022-09-29 16:00:00 CDT,1664485200,11,Tuesday night,Cloudy periods.,,,Low plus 3.,,,
2022-09-29 16:00:00 CDT,1664485200,12,Wednesday,A mix of sun and cloud.,,,High 14.,,,
2022-09-29 11:00:00 CDT,1664467200,1,Today,Sunny.,,Wind south 30 km/h gusting to 50 becoming light this afternoon.,High 22.,,,UV index 4 or moderate.
2022-09-29 11:00:00 CDT,1664467200,2,Tonight,Clear.,,,Low 8.,,,
2022-09-29 11:00:00 CDT,1664467200,3,Friday,Mainly sunny.,,Wind becoming northeast 20 km/h gusting to 40 early in the afternoon.,High 22.,,,UV index 5 or moderate.
2022-09-29 11:00:00 CDT,1664467200,4,Friday night,Clear.,,,Low 7.,,,
2022-09-29 11:00:00 CDT,1664467200,5,Saturday,Sunny.,,,High 20.,,,
2022-09-29 11:00:00 CDT,1664467200,6,Saturday night,Clear.,,,Low 7.,,,
2022-09-29 11:00:00 CDT,1664467200,7,Sunday,Sunny.,,,High 21.,,,
2022-09-29 11:00:00 CDT,1664467200,8,Sunday night,Clear.,,,Low 8.,,,
2022-09-29 11:00:00 CDT,1664467200,9,Monday,Sunny.,,,High 23.,,,
2022-09-29 11:00:00 CDT,1664467200,10,Monday night,Cloudy periods.,,,Low 7.,,,
2022-09-29 11:00:00 CDT,1664467200,11,Tuesday,A mix of sun and cloud.,,,High 19.,,,
2022-09-29 11:00:00 CDT,1664467200,12,Tuesday night,Cloudy periods.,,,Low plus 2.,,,
2022-09-29 11:00:00 CDT,1664467200,13,Wednesday,A mix of sun and cloud.,,,High 14.,,,
2022-09-29 05:00:00 CDT,1664445600,1,Today,Sunny.,,Wind south 30 km/h gusting to 50 becoming light this afternoon.,High 21.,,,UV index 4 or moderate.
2022-09-29 05:00:00 CDT,1664445600,2,Tonight,Clear.,,,Low 8.,,,
2022-09-29 05:00:00 CDT,1664445600,3,Friday,Mainly sunny.,,Wind becoming northeast 20 km/h gusting to 40 early in the afternoon.,High 22.,,,UV index 5 or moderate.
2022-09-29 05:00:00 CDT,1664445600,4,Friday night,Clear.,,,Low 7.,,,
2022-09-29 05:00:00 CDT,1664445600,5,Saturday,Sunny.,,,High 20.,,,
2022-09-29 05:00:00 CDT,1664445600,6,Saturday night,Clear.,,,Low 7.,,,
2022-09-29 05:00:00 CDT,1664445600,7,Sunday,Sunny.,,,High 21.,,,
2022-09-29 05:00:00 CDT,1664445600,8,Sunday night,Clear.,,,Low 8.,,,
2022-09-29 05:00:00 CDT,1664445600,9,Monday,Sunny.,,,High 23.,,,
2022-09-29 05:00:00 CDT,1664445600,10,Monday night,Cloudy periods.,,,Low 7.,,,
2022-09-29 05:00:00 CDT,1664445600,11,Tuesday,A mix of sun and cloud.,,,High 19.,,,
2022-09-29 05:00:00 CDT,1664445600,12,Tuesday night,Cloudy periods.,,,Low plus 2.,,,
2022-09-29 05:00:00 CDT,1664445600,13,Wednesday,A mix of sun and cloud.,,,High 14.,,,
2022-09-28 16:00:00 CDT,1664398800,1,Tonight,Partly cloudy with 30 percent chance of showers early this evening and risk of a thunderstorm. Clearing this evening.,,Wind south 30 km/h gusting to 50.,Low 10.,,,
2022-09-28 16:00:00 CDT,1664398800,2,Thursday,Sunny.,,Wind south 30 km/h gusting to 50 becoming light in the afternoon.,High 21.,,,UV index 4 or moderate.
2022-09-28 16:00:00 CDT,1664398800,3,Thursday night,Clear.,,,Low 6.,,,
2022-09-28 16:00:00 CDT,1664398800,4,Friday,Sunny.,,,High 21.,,,
2022-09-28 16:00:00 CDT,1664398800,5,Friday night,Clear.,,,Low 7.,,,
2022-09-28 16:00:00 CDT,1664398800,6,Saturday,Sunny.,,,High 20.,,,
2022-09-28 16:00:00 CDT,1664398800,7,Saturday night,Clear.,,,Low 7.,,,
2022-09-28 16:00:00 CDT,1664398800,8,Sunday,Sunny.,,,High 21.,,,
2022-09-28 16:00:00 CDT,1664398800,9,Sunday night,Cloudy periods.,,,Low 9.,,,
2022-09-28 16:00:00 CDT,1664398800,10,Monday,A mix of sun and cloud.,,,High 20.,,,
2022-09-28 16:00:00 CDT,1664398800,11,Monday night,Cloudy periods.,,,Low 7.,,,
2022-09-28 16:00:00 CDT,1664398800,12,Tuesday,A mix of sun and cloud.,,,High 19.,,,
2022-09-28 11:00:00 CDT,1664380800,1,Today,Sunny early this afternoon then a mix of sun and cloud with 30 percent chance of showers late this afternoon. Risk of a thunderstorm late this afternoon.,,Wind south 30 km/h gusting to 50.,High 17.,,,UV index 4 or moderate.
2022-09-28 11:00:00 CDT,1664380800,2,Tonight,Partly cloudy with 30 percent chance of showers early this evening and risk of a thunderstorm. Clearing this evening.,,Wind south 30 km/h gusting to 50.,Low 7.,,,
2022-09-28 11:00:00 CDT,1664380800,3,Thursday,Sunny.,,Wind south 20 km/h.,High 22.,,,UV index 4 or moderate.
2022-09-28 11:00:00 CDT,1664380800,4,Thursday night,Clear.,,,Low 6.,,,
2022-09-28 11:00:00 CDT,1664380800,5,Friday,Sunny.,,,High 22.,,,
2022-09-28 11:00:00 CDT,1664380800,6,Friday night,Clear.,,,Low 8.,,,
2022-09-28 11:00:00 CDT,1664380800,7,Saturday,Sunny.,,,High 21.,,,
2022-09-28 11:00:00 CDT,1664380800,8,Saturday night,Clear.,,,Low 8.,,,
2022-09-28 11:00:00 CDT,1664380800,9,Sunday,Sunny.,,,High 22.,,,
2022-09-28 11:00:00 CDT,1664380800,10,Sunday night,Cloudy periods.,,,Low 9.,,,
2022-09-28 11:00:00 CDT,1664380800,11,Monday,A mix of sun and cloud.,,,High 20.,,,
2022-09-28 11:00:00 CDT,1664380800,12,Monday night,Cloudy periods.,,,Low plus 5.,,,
2022-09-28 11:00:00 CDT,1664380800,13,Tuesday,A mix of sun and cloud.,,,High 19.,,,
2022-09-28 05:00:00 CDT,1664359200,1,Today,Sunny this morning then a mix of sun and cloud with 30 percent chance of showers late this afternoon. Risk of a thunderstorm late this afternoon.,,Wind becoming south 30 km/h gusting to 50 this morning.,High 18.,,,UV index 4 or moderate.
2022-09-28 05:00:00 CDT,1664359200,2,Tonight,Partly cloudy with 30 percent chance of showers early this evening. Becoming clear overnight. Risk of a thunderstorm early this evening.,,Wind south 30 km/h gusting to 50.,Low 7.,,,
2022-09-28 05:00:00 CDT,1664359200,3,Thursday,Sunny.,,Wind south 20 km/h.,High 22.,,,UV index 4 or moderate.
2022-09-28 05:00:00 CDT,1664359200,4,Thursday night,Clear.,,,Low plus 5.,,,
2022-09-28 05:00:00 CDT,1664359200,5,Friday,Sunny.,,,High 22.,,,
2022-09-28 05:00:00 CDT,1664359200,6,Friday night,Clear.,,,Low 8.,,,
2022-09-28 05:00:00 CDT,1664359200,7,Saturday,Sunny.,,,High 21.,,,
2022-09-28 05:00:00 CDT,1664359200,8,Saturday night,Clear.,,,Low 8.,,,
2022-09-28 05:00:00 CDT,1664359200,9,Sunday,Sunny.,,,High 22.,,,
2022-09-28 05:00:00 CDT,1664359200,10,Sunday night,Cloudy periods.,,,Low 9.,,,
2022-09-28 05:00:00 CDT,1664359200,11,Monday,A mix of sun and cloud.,,,High 20.,,,
2022-09-28 05:00:00 CDT,1664359200,12,Monday night,Cloudy periods.,,,Low plus 5.,,,
2022-09-28 05:00:00 CDT,1664359200,13,Tuesday,A mix of sun and cloud.,,,High 19.,,,
2022-09-27 16:00:00 CDT,1664312400,1,Tonight,Clear.,,,Low zero with patchy frost.,,,
2022-09-27 16:00:00 CDT,1664312400,2,Wednesday,Sunny in the morning and early in the afternoon then a mix of sun and cloud with 30 percent chance of showers in the afternoon.,,Wind becoming south 30 km/h gusting to 50 in the morning.,High 18.,,,UV index 4 or moderate.
2022-09-27 16:00:00 CDT,1664312400,3,Wednesday night,A few clouds.,,Wind south 30 km/h gusting to 50.,Low 9.,,,
2022-09-27 16:00:00 CDT,1664312400,4,Thursday,Sunny.,,,High 21.,,,
2022-09-27 16:00:00 CDT,1664312400,5,Thursday night,Clear.,,,Low 7.,,,
2022-09-27 16:00:00 CDT,1664312400,6,Friday,Sunny.,,,High 22.,,,
2022-09-27 16:00:00 CDT,1664312400,7,Friday night,Clear.,,,Low 7.,,,
2022-09-27 16:00:00 CDT,1664312400,8,Saturday,Sunny.,,,High 21.,,,
2022-09-27 16:00:00 CDT,1664312400,9,Saturday night,Cloudy periods.,,,Low 8.,,,
2022-09-27 16:00:00 CDT,1664312400,10,Sunday,A mix of sun and cloud.,,,High 23.,,,
2022-09-27 16:00:00 CDT,1664312400,11,Sunday night,Cloudy periods.,,,Low 9.,,,
2022-09-27 16:00:00 CDT,1664312400,12,Monday,A mix of sun and cloud.,,,High 20.,,,
2022-09-27 11:00:00 CDT,1664294400,1,Today,Sunny.,,,High 14.,,,UV index 4 or moderate.
2022-09-27 11:00:00 CDT,1664294400,2,Tonight,Clear.,,,Low plus 2 with risk of frost.,,,
2022-09-27 11:00:00 CDT,1664294400,3,Wednesday,Sunny. Increasing cloudiness near noon.,,Wind becoming south 30 km/h gusting to 50 in the morning.,High 18.,,,UV index 4 or moderate.
2022-09-27 11:00:00 CDT,1664294400,4,Wednesday night,Clear.,,,Low 9.,,,
2022-09-27 11:00:00 CDT,1664294400,5,Thursday,Sunny.,,,High 22.,,,
2022-09-27 11:00:00 CDT,1664294400,6,Thursday night,Clear.,,,Low 7.,,,
2022-09-27 11:00:00 CDT,1664294400,7,Friday,Sunny.,,,High 22.,,,
2022-09-27 11:00:00 CDT,1664294400,8,Friday night,Clear.,,,Low 7.,,,
2022-09-27 11:00:00 CDT,1664294400,9,Saturday,Sunny.,,,High 21.,,,
2022-09-27 11:00:00 CDT,1664294400,10,Saturday night,Clear.,,,Low 9.,,,
2022-09-27 11:00:00 CDT,1664294400,11,Sunday,A mix of sun and cloud.,,,High 23.,,,
2022-09-27 11:00:00 CDT,1664294400,12,Sunday night,Cloudy periods.,,,Low 8.,,,
2022-09-27 11:00:00 CDT,1664294400,13,Monday,A mix of sun and cloud.,,,High 21.,,,
2022-09-27 05:00:00 CDT,1664272800,1,Today,Sunny.,,,High 14.,,,UV index 4 or moderate.
2022-09-27 05:00:00 CDT,1664272800,2,Tonight,Clear.,,,Low plus 2 with risk of frost.,,,
2022-09-27 05:00:00 CDT,1664272800,3,Wednesday,Sunny. Increasing cloudiness near noon.,,Wind becoming south 30 km/h gusting to 50 in the morning.,High 18.,,,UV index 4 or moderate.
2022-09-27 05:00:00 CDT,1664272800,4,Wednesday night,Clear.,,,Low 7.,,,
2022-09-27 05:00:00 CDT,1664272800,5,Thursday,Sunny.,,,High 22.,,,
2022-09-27 05:00:00 CDT,1664272800,6,Thursday night,Clear.,,,Low 7.,,,
2022-09-27 05:00:00 CDT,1664272800,7,Friday,Sunny.,,,High 22.,,,
2022-09-27 05:00:00 CDT,1664272800,8,Friday night,Clear.,,,Low 7.,,,
2022-09-27 05:00:00 CDT,1664272800,9,Saturday,Sunny.,,,High 21.,,,
2022-09-27 05:00:00 CDT,1664272800,10,Saturday night,Clear.,,,Low 9.,,,
2022-09-27 05:00:00 CDT,1664272800,11,Sunday,A mix of sun and cloud.,,,High 23.,,,
2022-09-27 05:00:00 CDT,1664272800,12,Sunday night,Cloudy periods.,,,Low 8.,,,
2022-09-27 05:00:00 CDT,1664272800,13,Monday,A mix of sun and cloud.,,,High 21.,,,
2022-09-26 16:00:00 CDT,1664226000,1,Tonight,A few clouds.,,,Low minus 1 with frost.,,,
2022-09-26 16:00:00 CDT,1664226000,2,Tuesday,Sunny.,,,High 13.,,,UV index 4 or moderate.
2022-09-26 16:00:00 CDT,1664226000,3,Tuesday night,Clear.,,Wind becoming south 20 km/h before morning.,Low plus 2 with risk of frost.,,,
2022-09-26 16:00:00 CDT,1664226000,4,Wednesday,Sunny.,,,High 19.,,,
2022-09-26 16:00:00 CDT,1664226000,5,Wednesday night,Clear.,,,Low 7.,,,
2022-09-26 16:00:00 CDT,1664226000,6,Thursday,Sunny.,,,High 20.,,,
2022-09-26 16:00:00 CDT,1664226000,7,Thursday night,Clear.,,,Low 6.,,,
2022-09-26 16:00:00 CDT,1664226000,8,Friday,Sunny.,,,High 21.,,,
2022-09-26 16:00:00 CDT,1664226000,9,Friday night,Cloudy periods.,,,Low 6.,,,
2022-09-26 16:00:00 CDT,1664226000,10,Saturday,A mix of sun and cloud.,,,High 21.,,,
2022-09-26 16:00:00 CDT,1664226000,11,Saturday night,Cloudy periods.,,,Low 9.,,,
2022-09-26 16:00:00 CDT,1664226000,12,Sunday,A mix of sun and cloud.,,,High 23.,,,
2022-09-26 11:00:00 CDT,1664208000,1,Today,Mainly sunny.,,Wind becoming north 20 km/h late this afternoon.,High 17.,,,UV index 4 or moderate.
2022-09-26 11:00:00 CDT,1664208000,2,Tonight,Clear.,,Wind north 20 km/h becoming light late this evening.,Low minus 1 with frost.,,,
2022-09-26 11:00:00 CDT,1664208000,3,Tuesday,Sunny.,,,High 15.,,,UV index 4 or moderate.
2022-09-26 11:00:00 CDT,1664208000,4,Tuesday night,Clear.,,,Low plus 3.,,,
2022-09-26 11:00:00 CDT,1664208000,5,Wednesday,Sunny.,,,High 20.,,,
2022-09-26 11:00:00 CDT,1664208000,6,Wednesday night,Clear.,,,Low 7.,,,
2022-09-26 11:00:00 CDT,1664208000,7,Thursday,Sunny.,,,High 20.,,,
2022-09-26 11:00:00 CDT,1664208000,8,Thursday night,Clear.,,,Low 7.,,,
2022-09-26 11:00:00 CDT,1664208000,9,Friday,Sunny.,,,High 21.,,,
2022-09-26 11:00:00 CDT,1664208000,10,Friday night,Cloudy periods.,,,Low 8.,,,
2022-09-26 11:00:00 CDT,1664208000,11,Saturday,A mix of sun and cloud.,,,High 20.,,,
2022-09-26 11:00:00 CDT,1664208000,12,Saturday night,Cloudy periods.,,,Low 8.,,,
2022-09-26 11:00:00 CDT,1664208000,13,Sunday,A mix of sun and cloud.,,,High 21.,,,
2022-09-26 05:00:00 CDT,1664186400,1,Today,Clearing this morning.,,Wind becoming north 20 km/h late this afternoon.,High 17.,,,UV index 4 or moderate.
2022-09-26 05:00:00 CDT,1664186400,2,Tonight,Clear.,,Wind north 20 km/h becoming light late this evening.,Low minus 1 with frost.,,,
2022-09-26 05:00:00 CDT,1664186400,3,Tuesday,Sunny.,,,High 15.,,,UV index 4 or moderate.
2022-09-26 05:00:00 CDT,1664186400,4,Tuesday night,Clear.,,,Low plus 4.,,,
2022-09-26 05:00:00 CDT,1664186400,5,Wednesday,Sunny.,,,High 20.,,,
2022-09-26 05:00:00 CDT,1664186400,6,Wednesday night,Clear.,,,Low 7.,,,
2022-09-26 05:00:00 CDT,1664186400,7,Thursday,Sunny.,,,High 20.,,,
2022-09-26 05:00:00 CDT,1664186400,8,Thursday night,Clear.,,,Low 7.,,,
2022-09-26 05:00:00 CDT,1664186400,9,Friday,Sunny.,,,High 21.,,,
2022-09-26 05:00:00 CDT,1664186400,10,Friday night,Cloudy periods.,,,Low 8.,,,
2022-09-26 05:00:00 CDT,1664186400,11,Saturday,A mix of sun and cloud.,,,High 20.,,,
2022-09-26 05:00:00 CDT,1664186400,12,Saturday night,Cloudy periods.,,,Low 8.,,,
2022-09-26 05:00:00 CDT,1664186400,13,Sunday,A mix of sun and cloud.,,,High 21.,,,
2022-09-25 16:00:00 CDT,1664139600,1,Tonight,Partly cloudy.,,Wind northwest 40 km/h gusting to 60 diminishing to 20 gusting to 40 early this evening then becoming light this evening.,Low plus 1 with risk of frost.,,,
2022-09-25 16:00:00 CDT,1664139600,2,Monday,A mix of sun and cloud.,,,High 17.,,,UV index 4 or moderate.
2022-09-25 16:00:00 CDT,1664139600,3,Monday night,Partly cloudy.,,,Low plus 1.,,,
2022-09-25 16:00:00 CDT,1664139600,4,Tuesday,Sunny.,,,High 16.,,,
2022-09-25 16:00:00 CDT,1664139600,5,Tuesday night,Clear.,,,Low plus 5.,,,
2022-09-25 16:00:00 CDT,1664139600,6,Wednesday,Sunny.,,,High 20.,,,
2022-09-25 16:00:00 CDT,1664139600,7,Wednesday night,Clear.,,,Low 8.,,,
2022-09-25 16:00:00 CDT,1664139600,8,Thursday,Sunny.,,,High 22.,,,
2022-09-25 16:00:00 CDT,1664139600,9,Thursday night,Clear.,,,Low 8.,,,
2022-09-25 16:00:00 CDT,1664139600,10,Friday,A mix of sun and cloud.,,,High 24.,,,
2022-09-25 16:00:00 CDT,1664139600,11,Friday night,Cloudy periods.,,,Low 9.,,,
2022-09-25 16:00:00 CDT,1664139600,12,Saturday,A mix of sun and cloud.,,,High 20.,,,
2022-09-25 11:00:00 CDT,1664121600,1,Today,Mainly sunny.,,Wind northwest 40 km/h gusting to 60.,High 17.,,,UV index 4 or moderate.
2022-09-25 11:00:00 CDT,1664121600,2,Tonight,Partly cloudy.,,Wind northwest 20 km/h gusting to 40 becoming light this evening.,Low plus 2 with risk of frost.,,,
2022-09-25 11:00:00 CDT,1664121600,3,Monday,A mix of sun and cloud.,,,High 17.,,,UV index 4 or moderate.
2022-09-25 11:00:00 CDT,1664121600,4,Monday night,Clear.,,,Low plus 2.,,,
2022-09-25 11:00:00 CDT,1664121600,5,Tuesday,Sunny.,,,High 16.,,,
2022-09-25 11:00:00 CDT,1664121600,6,Tuesday night,Clear.,,,Low plus 3.,,,
2022-09-25 11:00:00 CDT,1664121600,7,Wednesday,Sunny.,,,High 17.,,,
2022-09-25 11:00:00 CDT,1664121600,8,Wednesday night,Clear.,,,Low 7.,,,
2022-09-25 11:00:00 CDT,1664121600,9,Thursday,Sunny.,,,High 20.,,,
2022-09-25 11:00:00 CDT,1664121600,10,Thursday night,Clear.,,,Low 7.,,,
2022-09-25 11:00:00 CDT,1664121600,11,Friday,A mix of sun and cloud.,,,High 23.,,,
2022-09-25 11:00:00 CDT,1664121600,12,Friday night,Cloudy periods.,,,Low 9.,,,
2022-09-25 11:00:00 CDT,1664121600,13,Saturday,A mix of sun and cloud.,,,High 21.,,,
2022-09-25 05:00:00 CDT,1664100000,1,Today,Sunny.,,Wind northwest 20 km/h gusting to 40 increasing to 40 gusting to 60 near noon.,High 17.,,,UV index 4 or moderate.
2022-09-25 05:00:00 CDT,1664100000,2,Tonight,Partly cloudy.,,Wind northwest 20 km/h gusting to 40 becoming light this evening.,Low plus 2 with risk of frost.,,,
2022-09-25 05:00:00 CDT,1664100000,3,Monday,A mix of sun and cloud.,,,High 17.,,,UV index 4 or moderate.
2022-09-25 05:00:00 CDT,1664100000,4,Monday night,Clear.,,,Low plus 1.,,,
2022-09-25 05:00:00 CDT,1664100000,5,Tuesday,Sunny.,,,High 16.,,,
2022-09-25 05:00:00 CDT,1664100000,6,Tuesday night,Clear.,,,Low plus 3.,,,
2022-09-25 05:00:00 CDT,1664100000,7,Wednesday,Sunny.,,,High 17.,,,
2022-09-25 05:00:00 CDT,1664100000,8,Wednesday night,Clear.,,,Low 7.,,,
2022-09-25 05:00:00 CDT,1664100000,9,Thursday,Sunny.,,,High 20.,,,
2022-09-25 05:00:00 CDT,1664100000,10,Thursday night,Clear.,,,Low 7.,,,
2022-09-25 05:00:00 CDT,1664100000,11,Friday,A mix of sun and cloud.,,,High 23.,,,
2022-09-25 05:00:00 CDT,1664100000,12,Friday night,Cloudy periods.,,,Low 9.,,,
2022-09-25 05:00:00 CDT,1664100000,13,Saturday,A mix of sun and cloud.,,,High 21.,,,
2022-09-24 16:00:00 CDT,1664053200,1,Tonight,Clearing early this evening.,,Wind northwest 20 km/h gusting to 40 becoming light this evening. Wind becoming northwest 20 gusting to 40 after midnight.,Low 9.,,,
2022-09-24 16:00:00 CDT,1664053200,2,Sunday,Sunny. Becoming a mix of sun and cloud in the afternoon.,,Wind northwest 20 km/h gusting to 40 increasing to 40 gusting to 60 in the morning.,High 18.,,,UV index 4 or moderate.
2022-09-24 16:00:00 CDT,1664053200,3,Sunday night,Clear.,,Wind northwest 30 km/h becoming light late in the evening.,Low plus 3.,,,
2022-09-24 16:00:00 CDT,1664053200,4,Monday,Sunny.,,,High 18.,,,
2022-09-24 16:00:00 CDT,1664053200,5,Monday night,Clear.,,,Low plus 2.,,,
2022-09-24 16:00:00 CDT,1664053200,6,Tuesday,Sunny.,,,High 17.,,,
2022-09-24 16:00:00 CDT,1664053200,7,Tuesday night,Clear.,,,Low plus 4.,,,
2022-09-24 16:00:00 CDT,1664053200,8,Wednesday,Sunny.,,,High 19.,,,
2022-09-24 16:00:00 CDT,1664053200,9,Wednesday night,Clear.,,,Low 6.,,,
2022-09-24 16:00:00 CDT,1664053200,10,Thursday,A mix of sun and cloud.,,,High 21.,,,
2022-09-24 16:00:00 CDT,1664053200,11,Thursday night,Cloudy periods.,,,Low 7.,,,
2022-09-24 16:00:00 CDT,1664053200,12,Friday,A mix of sun and cloud.,,,High 22.,,,
2022-09-24 11:00:00 CDT,1664035200,1,Today,Mainly cloudy with 60 percent chance of showers near noon. Clearing this afternoon.,,Wind becoming northwest 20 km/h gusting to 40 early this afternoon.,High 16.,,,UV index 4 or moderate.
2022-09-24 11:00:00 CDT,1664035200,2,Tonight,A few clouds.,,Wind northwest 20 km/h gusting to 40 becoming light this evening. Wind becoming northwest 20 gusting to 40 after midnight.,Low 9.,,,
2022-09-24 11:00:00 CDT,1664035200,3,Sunday,Sunny.,,Wind northwest 20 km/h gusting to 40 increasing to 40 gusting to 60 in the morning.,High 18.,,,UV index 4 or moderate.
2022-09-24 11:00:00 CDT,1664035200,4,Sunday night,Clear.,,,Low plus 4.,,,
2022-09-24 11:00:00 CDT,1664035200,5,Monday,Sunny.,,,High 19.,,,
2022-09-24 11:00:00 CDT,1664035200,6,Monday night,Clear.,,,Low plus 4.,,,
2022-09-24 11:00:00 CDT,1664035200,7,Tuesday,Sunny.,,,High 19.,,,
2022-09-24 11:00:00 CDT,1664035200,8,Tuesday night,Clear.,,,Low 8.,,,
2022-09-24 11:00:00 CDT,1664035200,9,Wednesday,A mix of sun and cloud.,,,High 21.,,,
2022-09-24 11:00:00 CDT,1664035200,10,Wednesday night,Cloudy periods.,,,Low 8.,,,
2022-09-24 11:00:00 CDT,1664035200,11,Thursday,A mix of sun and cloud.,,,High 24.,,,
2022-09-24 11:00:00 CDT,1664035200,12,Thursday night,Cloudy periods.,,,Low 7.,,,
2022-09-24 11:00:00 CDT,1664035200,13,Friday,A mix of sun and cloud.,,,High 24.,,,
2022-09-24 05:00:00 CDT,1664013600,1,Today,Mainly cloudy with 60 percent chance of showers this morning. Clearing this afternoon.,Fog patches dissipating this morning.,Wind becoming northwest 20 km/h gusting to 40 early this afternoon.,High 16.,,,UV index 4 or moderate.
2022-09-24 05:00:00 CDT,1664013600,2,Tonight,A few clouds.,,Wind northwest 20 km/h gusting to 40 becoming light this evening. Wind becoming northwest 20 gusting to 40 after midnight.,Low 9.,,,
2022-09-24 05:00:00 CDT,1664013600,3,Sunday,Sunny.,,Wind northwest 20 km/h gusting to 40 increasing to 40 gusting to 60 in the morning.,High 18.,,,UV index 4 or moderate.
2022-09-24 05:00:00 CDT,1664013600,4,Sunday night,Clear.,,,Low plus 4.,,,
2022-09-24 05:00:00 CDT,1664013600,5,Monday,Sunny.,,,High 19.,,,
2022-09-24 05:00:00 CDT,1664013600,6,Monday night,Clear.,,,Low plus 4.,,,
2022-09-24 05:00:00 CDT,1664013600,7,Tuesday,Sunny.,,,High 19.,,,
2022-09-24 05:00:00 CDT,1664013600,8,Tuesday night,Clear.,,,Low 8.,,,
2022-09-24 05:00:00 CDT,1664013600,9,Wednesday,A mix of sun and cloud.,,,High 21.,,,
2022-09-24 05:00:00 CDT,1664013600,10,Wednesday night,Cloudy periods.,,,Low 8.,,,
2022-09-24 05:00:00 CDT,1664013600,11,Thursday,A mix of sun and cloud.,,,High 24.,,,
2022-09-24 05:00:00 CDT,1664013600,12,Thursday night,Cloudy periods.,,,Low 7.,,,
2022-09-24 05:00:00 CDT,1664013600,13,Friday,A mix of sun and cloud.,,,High 24.,,,
2022-09-23 16:00:00 CDT,1663966800,1,Tonight,Cloudy. 60 percent chance of showers or drizzle this evening.,Fog patches developing overnight.,Wind south 30 km/h gusting to 50 becoming light early this evening.,Low 9.,,,
2022-09-23 16:00:00 CDT,1663966800,2,Saturday,Clearing near noon.,Fog patches dissipating in the morning.,Wind becoming northwest 20 km/h gusting to 40 early in the afternoon.,High 18.,,,UV index 5 or moderate.
2022-09-23 16:00:00 CDT,1663966800,3,Saturday night,Clear.,,Wind northwest 20 km/h gusting to 40 becoming light late in the evening. Wind becoming northwest 30 gusting to 50 before morning.,Low 8.,,,
2022-09-23 16:00:00 CDT,1663966800,4,Sunday,Sunny.,,,High 19.,,,
2022-09-23 16:00:00 CDT,1663966800,5,Sunday night,Clear.,,,Low plus 5.,,,
2022-09-23 16:00:00 CDT,1663966800,6,Monday,A mix of sun and cloud.,,,High 19.,,,
2022-09-23 16:00:00 CDT,1663966800,7,Monday night,Clear.,,,Low 6.,,,
2022-09-23 16:00:00 CDT,1663966800,8,Tuesday,Sunny.,,,High 18.,,,
2022-09-23 16:00:00 CDT,1663966800,9,Tuesday night,Clear.,,,Low 6.,,,
2022-09-23 16:00:00 CDT,1663966800,10,Wednesday,A mix of sun and cloud.,,,High 21.,,,
2022-09-23 16:00:00 CDT,1663966800,11,Wednesday night,Cloudy periods.,,,Low 8.,,,
2022-09-23 16:00:00 CDT,1663966800,12,Thursday,A mix of sun and cloud.,,,High 23.,,,
2022-09-23 11:00:00 CDT,1663948800,1,Today,Cloudy with 60 percent chance of showers.,,Wind southeast 20 km/h gusting to 40.,High 15.,,,UV index 2 or low.
2022-09-23 11:00:00 CDT,1663948800,2,Tonight,Cloudy with 60 percent chance of showers this evening and after midnight. Clearing before morning.,,,Low 9.,,,
2022-09-23 11:00:00 CDT,1663948800,3,Saturday,A mix of sun and cloud. 30 percent chance of showers late in the morning and in the afternoon.,,Wind becoming northwest 20 km/h gusting to 40 early in the afternoon.,High 17.,,,UV index 5 or moderate.
2022-09-23 11:00:00 CDT,1663948800,4,Saturday night,Clear.,,,Low 8.,,,
2022-09-23 11:00:00 CDT,1663948800,5,Sunday,Sunny.,,,High 19.,,,
2022-09-23 11:00:00 CDT,1663948800,6,Sunday night,Clear.,,,Low plus 4.,,,
2022-09-23 11:00:00 CDT,1663948800,7,Monday,Sunny.,,,High 19.,,,
2022-09-23 11:00:00 CDT,1663948800,8,Monday night,Clear.,,,Low plus 4.,,,
2022-09-23 11:00:00 CDT,1663948800,9,Tuesday,Sunny.,,,High 20.,,,
2022-09-23 11:00:00 CDT,1663948800,10,Tuesday night,Clear.,,,Low plus 5.,,,
2022-09-23 11:00:00 CDT,1663948800,11,Wednesday,A mix of sun and cloud.,,,High 21.,,,
2022-09-23 11:00:00 CDT,1663948800,12,Wednesday night,Cloudy periods.,,,Low 7.,,,
2022-09-23 11:00:00 CDT,1663948800,13,Thursday,A mix of sun and cloud.,,,High 22.,,,
2022-09-23 05:00:00 CDT,1663927200,1,Today,Cloudy. A few showers beginning this morning.,,Wind southeast 20 km/h gusting to 40.,High 15.,,,UV index 2 or low.
2022-09-23 05:00:00 CDT,1663927200,2,Tonight,A few showers ending overnight then clearing.,,,Low 9.,,,
2022-09-23 05:00:00 CDT,1663927200,3,Saturday,A mix of sun and cloud. 30 percent chance of showers late in the morning and in the afternoon.,,Wind becoming northwest 20 km/h gusting to 40 early in the afternoon.,High 17.,,,UV index 4 or moderate.
2022-09-23 05:00:00 CDT,1663927200,4,Saturday night,Clear.,,,Low 8.,,,
2022-09-23 05:00:00 CDT,1663927200,5,Sunday,Sunny.,,,High 19.,,,
2022-09-23 05:00:00 CDT,1663927200,6,Sunday night,Clear.,,,Low plus 4.,,,
2022-09-23 05:00:00 CDT,1663927200,7,Monday,Sunny.,,,High 19.,,,
2022-09-23 05:00:00 CDT,1663927200,8,Monday night,Clear.,,,Low plus 4.,,,
2022-09-23 05:00:00 CDT,1663927200,9,Tuesday,Sunny.,,,High 20.,,,
2022-09-23 05:00:00 CDT,1663927200,10,Tuesday night,Clear.,,,Low plus 5.,,,
2022-09-23 05:00:00 CDT,1663927200,11,Wednesday,Sunny.,,,High 21.,,,
2022-09-23 05:00:00 CDT,1663927200,12,Wednesday night,Cloudy periods.,,,Low 7.,,,
2022-09-23 05:00:00 CDT,1663927200,13,Thursday,A mix of sun and cloud.,,,High 22.,,,
2022-09-22 23:30:00 CDT,1663907400,1,Tonight,Increasing cloudiness near midnight.,,Wind becoming southeast 20 km/h gusting to 40 before morning.,Low plus 5.,,,
2022-09-22 23:30:00 CDT,1663907400,2,Friday,Cloudy. A few showers beginning in the morning.,,Wind southeast 20 km/h gusting to 40.,High 15.,,,UV index 2 or low.
2022-09-22 23:30:00 CDT,1663907400,3,Friday night,A few showers ending overnight then cloudy.,,,Low 8.,,,
2022-09-22 23:30:00 CDT,1663907400,4,Saturday,A mix of sun and cloud.,,,High 19.,,,
2022-09-22 23:30:00 CDT,1663907400,5,Saturday night,Clear.,,,Low 8.,,,
2022-09-22 23:30:00 CDT,1663907400,6,Sunday,Sunny.,,,High 18.,,,
2022-09-22 23:30:00 CDT,1663907400,7,Sunday night,Clear.,,,Low plus 5.,,,
2022-09-22 23:30:00 CDT,1663907400,8,Monday,A mix of sun and cloud.,,,High 19.,,,
2022-09-22 23:30:00 CDT,1663907400,9,Monday night,Cloudy periods.,,,Low plus 1.,,,
2022-09-22 23:30:00 CDT,1663907400,10,Tuesday,A mix of sun and cloud.,,,High 17.,,,
2022-09-22 23:30:00 CDT,1663907400,11,Tuesday night,Cloudy periods.,,,Low 6.,,,
2022-09-22 23:30:00 CDT,1663907400,12,Wednesday,A mix of sun and cloud.,,,High 22.,,,
2022-09-22 16:00:00 CDT,1663880400,1,Tonight,Increasing cloudiness this evening.,,Wind south 20 km/h gusting to 40.,Low 8.,,,
2022-09-22 16:00:00 CDT,1663880400,2,Friday,Cloudy. A few showers beginning in the morning.,,Wind southeast 20 km/h gusting to 40.,High 15.,,,UV index 2 or low.
2022-09-22 16:00:00 CDT,1663880400,3,Friday night,A few showers ending overnight then cloudy.,,,Low 8.,,,
2022-09-22 16:00:00 CDT,1663880400,4,Saturday,A mix of sun and cloud.,,,High 19.,,,
2022-09-22 16:00:00 CDT,1663880400,5,Saturday night,Clear.,,,Low 8.,,,
2022-09-22 16:00:00 CDT,1663880400,6,Sunday,Sunny.,,,High 18.,,,
2022-09-22 16:00:00 CDT,1663880400,7,Sunday night,Clear.,,,Low plus 5.,,,
2022-09-22 16:00:00 CDT,1663880400,8,Monday,A mix of sun and cloud.,,,High 19.,,,
2022-09-22 16:00:00 CDT,1663880400,9,Monday night,Cloudy periods.,,,Low plus 1.,,,
2022-09-22 16:00:00 CDT,1663880400,10,Tuesday,A mix of sun and cloud.,,,High 17.,,,
2022-09-22 16:00:00 CDT,1663880400,11,Tuesday night,Cloudy periods.,,,Low 6.,,,
2022-09-22 16:00:00 CDT,1663880400,12,Wednesday,A mix of sun and cloud.,,,High 22.,,,
2022-09-22 11:00:00 CDT,1663862400,1,Today,Mainly sunny.,,Wind becoming south 20 km/h this afternoon.,High 15.,,,UV index 5 or moderate.
2022-09-22 11:00:00 CDT,1663862400,2,Tonight,Increasing cloudiness this evening.,,Wind south 20 km/h.,Low 7.,,,
2022-09-22 11:00:00 CDT,1663862400,3,Friday,Cloudy. 60 percent chance of showers late in the morning and in the afternoon.,,Wind south 20 km/h.,High 13.,,,UV index 3 or moderate.
2022-09-22 11:00:00 CDT,1663862400,4,Friday night,Cloudy with 60 percent chance of showers.,,,Low 9.,,,
2022-09-22 11:00:00 CDT,1663862400,5,Saturday,Cloudy.,,,High 17.,,,
2022-09-22 11:00:00 CDT,1663862400,6,Saturday night,Clear.,,,Low 7.,,,
2022-09-22 11:00:00 CDT,1663862400,7,Sunday,Sunny.,,,High 18.,,,
2022-09-22 11:00:00 CDT,1663862400,8,Sunday night,Increasing cloudiness.,,,Low plus 5.,,,
2022-09-22 11:00:00 CDT,1663862400,9,Monday,A mix of sun and cloud.,,,High 17.,,,
2022-09-22 11:00:00 CDT,1663862400,10,Monday night,Cloudy periods.,,,Low zero.,,,
2022-09-22 11:00:00 CDT,1663862400,11,Tuesday,A mix of sun and cloud.,,,High 17.,,,
2022-09-22 11:00:00 CDT,1663862400,12,Tuesday night,Cloudy periods.,,,Low 7.,,,
2022-09-22 11:00:00 CDT,1663862400,13,Wednesday,A mix of sun and cloud.,,,High 22.,,,
2022-09-22 05:00:00 CDT,1663840800,1,Today,Mainly sunny.,Fog patches dissipating this morning.,Wind becoming south 20 km/h this afternoon.,High 15.,,,UV index 5 or moderate.
2022-09-22 05:00:00 CDT,1663840800,2,Tonight,Increasing cloudiness this evening.,,Wind south 20 km/h.,Low 7.,,,
2022-09-22 05:00:00 CDT,1663840800,3,Friday,Cloudy. 60 percent chance of showers late in the morning and in the afternoon.,,Wind south 20 km/h.,High 13.,,,UV index 3 or moderate.
2022-09-22 05:00:00 CDT,1663840800,4,Friday night,Showers.,,,Low 8.,,,
2022-09-22 05:00:00 CDT,1663840800,5,Saturday,Cloudy.,,,High 17.,,,
2022-09-22 05:00:00 CDT,1663840800,6,Saturday night,Clear.,,,Low 7.,,,
2022-09-22 05:00:00 CDT,1663840800,7,Sunday,Sunny.,,,High 18.,,,
2022-09-22 05:00:00 CDT,1663840800,8,Sunday night,Increasing cloudiness.,,,Low plus 5.,,,
2022-09-22 05:00:00 CDT,1663840800,9,Monday,A mix of sun and cloud.,,,High 17.,,,
2022-09-22 05:00:00 CDT,1663840800,10,Monday night,Cloudy periods.,,,Low zero.,,,
2022-09-22 05:00:00 CDT,1663840800,11,Tuesday,A mix of sun and cloud.,,,High 17.,,,
2022-09-22 05:00:00 CDT,1663840800,12,Tuesday night,Cloudy periods.,,,Low 7.,,,
2022-09-22 05:00:00 CDT,1663840800,13,Wednesday,A mix of sun and cloud.,,,High 22.,,,
2022-09-21 16:00:00 CDT,1663794000,1,Tonight,Cloudy with 30 percent chance of showers early this evening. Clearing late this evening.,Fog patches developing overnight.,Wind north 20 km/h becoming light late this evening.,Low plus 1 with risk of frost.,,,
2022-09-21 16:00:00 CDT,1663794000,2,Thursday,Mainly sunny.,Fog patches dissipating in the morning.,Wind becoming south 20 km/h in the afternoon.,High 15.,,,UV index 5 or moderate.
2022-09-21 16:00:00 CDT,1663794000,3,Thursday night,Increasing cloudiness late in the evening.,,Wind south 20 km/h.,Low 7.,,,
2022-09-21 16:00:00 CDT,1663794000,4,Friday,Periods of rain.,,,High 12.,,,
2022-09-21 16:00:00 CDT,1663794000,5,Friday night,Periods of rain.,,,Low 9.,,,
2022-09-21 16:00:00 CDT,1663794000,6,Saturday,Cloudy with 60 percent chance of showers.,,,High 17.,,,
2022-09-21 16:00:00 CDT,1663794000,7,Saturday night,Clearing.,,,Low 6.,,,
2022-09-21 16:00:00 CDT,1663794000,8,Sunday,Sunny.,,,High 18.,,,
2022-09-21 16:00:00 CDT,1663794000,9,Sunday night,Clear.,,,Low plus 4.,,,
2022-09-21 16:00:00 CDT,1663794000,10,Monday,A mix of sun and cloud.,,,High 18.,,,
2022-09-21 16:00:00 CDT,1663794000,11,Monday night,Cloudy periods.,,,Low plus 1.,,,
2022-09-21 16:00:00 CDT,1663794000,12,Tuesday,A mix of sun and cloud.,,,High 17.,,,
2022-09-21 11:00:00 CDT,1663776000,1,Today,Increasing cloudiness near noon. 30 percent chance of showers this afternoon.,,Wind northwest 30 km/h.,High 14.,,,UV index 4 or moderate.
2022-09-21 11:00:00 CDT,1663776000,2,Tonight,Partly cloudy. Becoming clear after midnight.,Fog patches developing after midnight.,Wind northwest 30 km/h becoming light this evening.,Low plus 1 with risk of frost.,,,
2022-09-21 11:00:00 CDT,1663776000,3,Thursday,Sunny. Increasing cloudiness late in the afternoon.,Fog patches dissipating in the morning.,Wind becoming south 20 km/h early in the afternoon.,High 17.,,,UV index 5 or moderate.
2022-09-21 11:00:00 CDT,1663776000,4,Thursday night,Increasing cloudiness.,,,Low 8.,,,
2022-09-21 11:00:00 CDT,1663776000,5,Friday,Cloudy.,,,High 13.,,,
2022-09-21 11:00:00 CDT,1663776000,6,Friday night,Cloudy with 60 percent chance of showers.,,,Low 10.,,,
2022-09-21 11:00:00 CDT,1663776000,7,Saturday,A mix of sun and cloud with 60 percent chance of showers.,,,High 18.,,,
2022-09-21 11:00:00 CDT,1663776000,8,Saturday night,Clear.,,,Low 7.,,,
2022-09-21 11:00:00 CDT,1663776000,9,Sunday,Sunny.,,,High 18.,,,
2022-09-21 11:00:00 CDT,1663776000,10,Sunday night,Cloudy periods.,,,Low plus 3.,,,
2022-09-21 11:00:00 CDT,1663776000,11,Monday,A mix of sun and cloud.,,,High 17.,,,
2022-09-21 11:00:00 CDT,1663776000,12,Monday night,Cloudy periods.,,,Low plus 1.,,,
2022-09-21 11:00:00 CDT,1663776000,13,Tuesday,A mix of sun and cloud.,,,High 17.,,,
2022-09-21 05:00:00 CDT,1663754400,1,Today,Mainly cloudy with 60 percent chance of showers.,,Wind becoming northwest 30 km/h this morning.,High 14.,,,UV index 3 or moderate.
2022-09-21 05:00:00 CDT,1663754400,2,Tonight,Partly cloudy. Becoming clear after midnight.,Fog patches developing after midnight.,Wind northwest 30 km/h becoming light this evening.,Low plus 1 with risk of frost.,,,
2022-09-21 05:00:00 CDT,1663754400,3,Thursday,Sunny. Increasing cloudiness late in the afternoon.,Fog patches dissipating in the morning.,,High 17.,,,UV index 5 or moderate.
2022-09-21 05:00:00 CDT,1663754400,4,Thursday night,Cloudy.,,,Low 7.,,,
2022-09-21 05:00:00 CDT,1663754400,5,Friday,Cloudy.,,,High 13.,,,
2022-09-21 05:00:00 CDT,1663754400,6,Friday night,Cloudy with 60 percent chance of showers.,,,Low 10.,,,
2022-09-21 05:00:00 CDT,1663754400,7,Saturday,Cloudy with 60 percent chance of showers.,,,High 18.,,,
2022-09-21 05:00:00 CDT,1663754400,8,Saturday night,Clear.,,,Low 7.,,,
2022-09-21 05:00:00 CDT,1663754400,9,Sunday,Sunny.,,,High 18.,,,
2022-09-21 05:00:00 CDT,1663754400,10,Sunday night,Cloudy periods.,,,Low plus 3.,,,
2022-09-21 05:00:00 CDT,1663754400,11,Monday,A mix of sun and cloud.,,,High 17.,,,
2022-09-21 05:00:00 CDT,1663754400,12,Monday night,Cloudy periods.,,,Low plus 1.,,,
2022-09-21 05:00:00 CDT,1663754400,13,Tuesday,A mix of sun and cloud.,,,High 17.,,,
2022-09-20 16:00:00 CDT,1663707600,1,Tonight,Mainly cloudy. 60 percent chance of showers overnight.,,Wind west 30 km/h gusting to 50.,Low 8.,,,
2022-09-20 16:00:00 CDT,1663707600,2,Wednesday,Cloudy with 60 percent chance of showers in the morning then a mix of sun and cloud.,,Wind northwest 30 km/h gusting to 50.,High 15.,,,UV index 4 or moderate.
2022-09-20 16:00:00 CDT,1663707600,3,Wednesday night,Clearing in the evening.,,Wind north 20 km/h becoming light after midnight.,Low plus 1 with risk of frost.,,,
2022-09-20 16:00:00 CDT,1663707600,4,Thursday,Sunny.,,,High 15.,,,
2022-09-20 16:00:00 CDT,1663707600,5,Thursday night,Increasing cloudiness.,,,Low 8.,,,
2022-09-20 16:00:00 CDT,1663707600,6,Friday,Cloudy with 70 percent chance of showers.,,,High 14.,,,
2022-09-20 16:00:00 CDT,1663707600,7,Friday night,Rain.,,,Low 10.,,,
2022-09-20 16:00:00 CDT,1663707600,8,Saturday,Periods of rain.,,,High 16.,,,
2022-09-20 16:00:00 CDT,1663707600,9,Saturday night,Clearing.,,,Low plus 5.,,,
2022-09-20 16:00:00 CDT,1663707600,10,Sunday,Sunny.,,,High 19.,,,
2022-09-20 16:00:00 CDT,1663707600,11,Sunday night,Clear.,,,Low plus 3.,,,
2022-09-20 16:00:00 CDT,1663707600,12,Monday,Sunny.,,,High 18.,,,
2022-09-20 11:00:00 CDT,1663689600,1,Today,A mix of sun and cloud.,,Wind west 30 km/h gusting to 50.,High 19.,,,UV index 5 or moderate.
2022-09-20 11:00:00 CDT,1663689600,2,Tonight,Partly cloudy. 30 percent chance of showers overnight.,,Wind west 30 km/h gusting to 50 becoming light before morning.,Low 7.,,,
2022-09-20 11:00:00 CDT,1663689600,3,Wednesday,Cloudy with 30 percent chance of showers in the morning then a mix of sun and cloud.,,Wind becoming northwest 30 km/h gusting to 50 in the morning.,High 14.,,,UV index 4 or moderate.
2022-09-20 11:00:00 CDT,1663689600,4,Wednesday night,Clear.,,,Low plus 1.,,,
2022-09-20 11:00:00 CDT,1663689600,5,Thursday,Sunny.,,,High 16.,,,
2022-09-20 11:00:00 CDT,1663689600,6,Thursday night,Increasing cloudiness.,,,Low 7.,,,
2022-09-20 11:00:00 CDT,1663689600,7,Friday,Cloudy with 70 percent chance of showers.,,,High 13.,,,
2022-09-20 11:00:00 CDT,1663689600,8,Friday night,Showers.,,,Low 8.,,,
2022-09-20 11:00:00 CDT,1663689600,9,Saturday,A mix of sun and cloud.,,,High 18.,,,
2022-09-20 11:00:00 CDT,1663689600,10,Saturday night,Cloudy periods.,,,Low plus 5.,,,
2022-09-20 11:00:00 CDT,1663689600,11,Sunday,Sunny.,,,High 18.,,,
2022-09-20 11:00:00 CDT,1663689600,12,Sunday night,Clear.,,,Low plus 3.,,,
2022-09-20 11:00:00 CDT,1663689600,13,Monday,Sunny.,,,High 19.,,,
2022-09-20 05:00:00 CDT,1663668000,1,Today,Clear early this morning then a mix of sun and cloud with 30 percent chance of showers this morning.,Fog patches dissipating this morning.,Wind becoming west 30 km/h gusting to 50 this morning.,High 19.,,,UV index 5 or moderate.
2022-09-20 05:00:00 CDT,1663668000,2,Tonight,A few clouds. Increasing cloudiness near midnight then 30 percent chance of showers overnight.,,Wind west 30 km/h gusting to 50 becoming light before morning.,Low 7.,,,
2022-09-20 05:00:00 CDT,1663668000,3,Wednesday,Cloudy with 30 percent chance of showers in the morning then a mix of sun and cloud.,,Wind becoming northwest 30 km/h gusting to 50 in the morning.,High 14.,,,UV index 4 or moderate.
2022-09-20 05:00:00 CDT,1663668000,4,Wednesday night,Clear.,,,Low plus 2.,,,
2022-09-20 05:00:00 CDT,1663668000,5,Thursday,Sunny.,,,High 16.,,,
2022-09-20 05:00:00 CDT,1663668000,6,Thursday night,Increasing cloudiness.,,,Low 7.,,,
2022-09-20 05:00:00 CDT,1663668000,7,Friday,Cloudy with 70 percent chance of showers.,,,High 13.,,,
2022-09-20 05:00:00 CDT,1663668000,8,Friday night,Showers.,,,Low 8.,,,
2022-09-20 05:00:00 CDT,1663668000,9,Saturday,A mix of sun and cloud.,,,High 18.,,,
2022-09-20 05:00:00 CDT,1663668000,10,Saturday night,Cloudy periods.,,,Low plus 5.,,,
2022-09-20 05:00:00 CDT,1663668000,11,Sunday,Sunny.,,,High 18.,,,
2022-09-20 05:00:00 CDT,1663668000,12,Sunday night,Clear.,,,Low plus 3.,,,
2022-09-20 05:00:00 CDT,1663668000,13,Monday,Sunny.,,,High 19.,,,
2022-09-19 21:58:00 CDT,1663642680,1,Tonight,A few clouds.,,,Low 12.,,,
2022-09-19 21:58:00 CDT,1663642680,2,Tuesday,Clearing late in the morning.,,Wind west 30 km/h.,High 19.,,,UV index 5 or moderate.
2022-09-19 21:58:00 CDT,1663642680,3,Tuesday night,Increasing cloudiness early in the evening. 40 percent chance of showers overnight.,,Wind west 30 km/h becoming light after midnight.,Low 7.,,,
2022-09-19 21:58:00 CDT,1663642680,4,Wednesday,A mix of sun and cloud.,,,High 16.,,,
2022-09-19 21:58:00 CDT,1663642680,5,Wednesday night,Clear.,,,Low plus 2.,,,
2022-09-19 21:58:00 CDT,1663642680,6,Thursday,Sunny.,,,High 16.,,,
2022-09-19 21:58:00 CDT,1663642680,7,Thursday night,Increasing cloudiness.,,,Low 7.,,,
2022-09-19 21:58:00 CDT,1663642680,8,Friday,Cloudy.,,,High 17.,,,
2022-09-19 21:58:00 CDT,1663642680,9,Friday night,Cloudy with 60 percent chance of showers.,,,Low 9.,,,
2022-09-19 21:58:00 CDT,1663642680,10,Saturday,Cloudy with 30 percent chance of showers.,,,High 19.,,,
2022-09-19 21:58:00 CDT,1663642680,11,Saturday night,Cloudy periods.,,,Low plus 5.,,,
2022-09-19 21:58:00 CDT,1663642680,12,Sunday,A mix of sun and cloud.,,,High 19.,,,
2022-09-19 19:53:00 CDT,1663635180,1,Tonight,Partly cloudy.,,Wind south 30 km/h becoming light this evening.,Low 12.,,,
2022-09-19 19:53:00 CDT,1663635180,2,Tuesday,Clearing in the morning.,,Wind west 30 km/h.,High 19.,,,UV index 5 or moderate.
2022-09-19 19:53:00 CDT,1663635180,3,Tuesday night,Increasing cloudiness early in the evening. 40 percent chance of showers overnight.,,Wind west 30 km/h becoming light after midnight.,Low 7.,,,
2022-09-19 19:53:00 CDT,1663635180,4,Wednesday,A mix of sun and cloud.,,,High 16.,,,
2022-09-19 19:53:00 CDT,1663635180,5,Wednesday night,Clear.,,,Low plus 2.,,,
2022-09-19 19:53:00 CDT,1663635180,6,Thursday,Sunny.,,,High 16.,,,
2022-09-19 19:53:00 CDT,1663635180,7,Thursday night,Increasing cloudiness.,,,Low 7.,,,
2022-09-19 19:53:00 CDT,1663635180,8,Friday,Cloudy.,,,High 17.,,,
2022-09-19 19:53:00 CDT,1663635180,9,Friday night,Cloudy with 60 percent chance of showers.,,,Low 9.,,,
2022-09-19 19:53:00 CDT,1663635180,10,Saturday,Cloudy with 30 percent chance of showers.,,,High 19.,,,
2022-09-19 19:53:00 CDT,1663635180,11,Saturday night,Cloudy periods.,,,Low plus 5.,,,
2022-09-19 19:53:00 CDT,1663635180,12,Sunday,A mix of sun and cloud.,,,High 19.,,,
2022-09-19 16:00:00 CDT,1663621200,1,Tonight,Mainly cloudy. A few showers beginning early this evening and ending late this evening. Risk of a thunderstorm this evening.,,Wind south 30 km/h becoming light this evening.,Low 12.,,,
2022-09-19 16:00:00 CDT,1663621200,2,Tuesday,Clearing in the morning.,,Wind west 30 km/h.,High 19.,,,UV index 5 or moderate.
2022-09-19 16:00:00 CDT,1663621200,3,Tuesday night,Increasing cloudiness early in the evening. 40 percent chance of showers overnight.,,Wind west 30 km/h becoming light after midnight.,Low 7.,,,
2022-09-19 16:00:00 CDT,1663621200,4,Wednesday,A mix of sun and cloud.,,,High 16.,,,
2022-09-19 16:00:00 CDT,1663621200,5,Wednesday night,Clear.,,,Low plus 2.,,,
2022-09-19 16:00:00 CDT,1663621200,6,Thursday,Sunny.,,,High 16.,,,
2022-09-19 16:00:00 CDT,1663621200,7,Thursday night,Increasing cloudiness.,,,Low 7.,,,
2022-09-19 16:00:00 CDT,1663621200,8,Friday,Cloudy.,,,High 17.,,,
2022-09-19 16:00:00 CDT,1663621200,9,Friday night,Cloudy with 60 percent chance of showers.,,,Low 9.,,,
2022-09-19 16:00:00 CDT,1663621200,10,Saturday,Cloudy with 30 percent chance of showers.,,,High 19.,,,
2022-09-19 16:00:00 CDT,1663621200,11,Saturday night,Cloudy periods.,,,Low plus 5.,,,
2022-09-19 16:00:00 CDT,1663621200,12,Sunday,A mix of sun and cloud.,,,High 19.,,,
2022-09-19 11:00:00 CDT,1663603200,1,Today,Increasing cloudiness. 60 percent chance of showers late this afternoon with risk of a thunderstorm.,,Wind becoming south 30 km/h early this afternoon.,High 22.,,,UV index 5 or moderate.
2022-09-19 11:00:00 CDT,1663603200,2,Tonight,Cloudy with 60 percent chance of showers this evening and risk of a thunderstorm. Clearing near midnight.,,Wind south 30 km/h becoming light this evening.,Low 11.,,,
2022-09-19 11:00:00 CDT,1663603200,3,Tuesday,A mix of sun and cloud.,,Wind becoming west 30 km/h gusting to 50 in the morning.,High 19.,,,UV index 5 or moderate.
2022-09-19 11:00:00 CDT,1663603200,4,Tuesday night,Showers.,,,Low 8.,,,
2022-09-19 11:00:00 CDT,1663603200,5,Wednesday,A mix of sun and cloud.,,,High 15.,,,
2022-09-19 11:00:00 CDT,1663603200,6,Wednesday night,Clear.,,,Low plus 2.,,,
2022-09-19 11:00:00 CDT,1663603200,7,Thursday,Sunny.,,,High 17.,,,
2022-09-19 11:00:00 CDT,1663603200,8,Thursday night,Cloudy.,,,Low 8.,,,
2022-09-19 11:00:00 CDT,1663603200,9,Friday,Cloudy.,,,High 15.,,,
2022-09-19 11:00:00 CDT,1663603200,10,Friday night,Cloudy with 60 percent chance of showers.,,,Low 9.,,,
2022-09-19 11:00:00 CDT,1663603200,11,Saturday,A mix of sun and cloud.,,,High 19.,,,
2022-09-19 11:00:00 CDT,1663603200,12,Saturday night,Cloudy periods.,,,Low plus 5.,,,
2022-09-19 11:00:00 CDT,1663603200,13,Sunday,A mix of sun and cloud.,,,High 20.,,,
2022-09-19 05:00:00 CDT,1663581600,1,Today,Mainly sunny. Increasing cloudiness near noon then 60 percent chance of showers late this afternoon. Risk of a thunderstorm late this afternoon.,Fog patches dissipating this morning.,Wind becoming south 30 km/h early this afternoon.,High 22.,,,UV index 4 or moderate.
2022-09-19 05:00:00 CDT,1663581600,2,Tonight,Cloudy with 60 percent chance of showers this evening and risk of a thunderstorm. Clearing near midnight.,,Wind south 30 km/h becoming light this evening.,Low 11.,,,
2022-09-19 05:00:00 CDT,1663581600,3,Tuesday,A mix of sun and cloud.,,Wind becoming west 30 km/h gusting to 50 in the morning.,High 19.,,,UV index 5 or moderate.
2022-09-19 05:00:00 CDT,1663581600,4,Tuesday night,Cloudy periods.,,,Low 7.,,,
2022-09-19 05:00:00 CDT,1663581600,5,Wednesday,A mix of sun and cloud.,,,High 15.,,,
2022-09-19 05:00:00 CDT,1663581600,6,Wednesday night,Clear.,,,Low plus 2.,,,
2022-09-19 05:00:00 CDT,1663581600,7,Thursday,Sunny.,,,High 17.,,,
2022-09-19 05:00:00 CDT,1663581600,8,Thursday night,Cloudy.,,,Low 8.,,,
2022-09-19 05:00:00 CDT,1663581600,9,Friday,Cloudy.,,,High 15.,,,
2022-09-19 05:00:00 CDT,1663581600,10,Friday night,Cloudy with 60 percent chance of showers.,,,Low 9.,,,
2022-09-19 05:00:00 CDT,1663581600,11,Saturday,A mix of sun and cloud.,,,High 19.,,,
2022-09-19 05:00:00 CDT,1663581600,12,Saturday night,Cloudy periods.,,,Low plus 5.,,,
2022-09-19 05:00:00 CDT,1663581600,13,Sunday,A mix of sun and cloud.,,,High 20.,,,
2022-09-18 20:57:00 CDT,1663552620,1,Tonight,A few clouds.,Fog patches.,,Low 8.,,,
2022-09-18 20:57:00 CDT,1663552620,2,Monday,Mainly sunny. Increasing cloudiness late in the morning then 60 percent chance of showers late in the afternoon. Risk of a thunderstorm late in the afternoon.,,Wind becoming south 30 km/h early in the afternoon.,High 20.,,,UV index 4 or moderate.
2022-09-18 20:57:00 CDT,1663552620,3,Monday night,Partly cloudy. 60 percent chance of showers in the evening and after midnight with risk of a thunderstorm.,,Wind south 30 km/h becoming west 20 after midnight.,Low 11.,,,
2022-09-18 20:57:00 CDT,1663552620,4,Tuesday,Sunny.,,,High 19.,,,
2022-09-18 20:57:00 CDT,1663552620,5,Tuesday night,Cloudy periods with 30 percent chance of showers.,,,Low 7.,,,
2022-09-18 20:57:00 CDT,1663552620,6,Wednesday,A mix of sun and cloud.,,,High 16.,,,
2022-09-18 20:57:00 CDT,1663552620,7,Wednesday night,Clear.,,,Low plus 3.,,,
2022-09-18 20:57:00 CDT,1663552620,8,Thursday,Sunny.,,,High 17.,,,
2022-09-18 20:57:00 CDT,1663552620,9,Thursday night,Clear.,,,Low 8.,,,
2022-09-18 20:57:00 CDT,1663552620,10,Friday,Cloudy with 60 percent chance of showers.,,,High 15.,,,
2022-09-18 20:57:00 CDT,1663552620,11,Friday night,Cloudy.,,,Low 9.,,,
2022-09-18 20:57:00 CDT,1663552620,12,Saturday,Cloudy.,,,High 19.,,,
2022-09-18 16:00:00 CDT,1663534800,1,Tonight,A few clouds.,,Wind southwest 20 km/h becoming light early this evening.,Low 8.,,,
2022-09-18 16:00:00 CDT,1663534800,2,Monday,Mainly sunny. Increasing cloudiness late in the morning then 60 percent chance of showers late in the afternoon. Risk of a thunderstorm late in the afternoon.,,Wind becoming south 30 km/h early in the afternoon.,High 20.,,,UV index 4 or moderate.
2022-09-18 16:00:00 CDT,1663534800,3,Monday night,Partly cloudy. 60 percent chance of showers in the evening and after midnight with risk of a thunderstorm.,,Wind south 30 km/h becoming west 20 after midnight.,Low 11.,,,
2022-09-18 16:00:00 CDT,1663534800,4,Tuesday,Sunny.,,,High 19.,,,
2022-09-18 16:00:00 CDT,1663534800,5,Tuesday night,Cloudy periods with 30 percent chance of showers.,,,Low 7.,,,
2022-09-18 16:00:00 CDT,1663534800,6,Wednesday,A mix of sun and cloud.,,,High 16.,,,
2022-09-18 16:00:00 CDT,1663534800,7,Wednesday night,Clear.,,,Low plus 3.,,,
2022-09-18 16:00:00 CDT,1663534800,8,Thursday,Sunny.,,,High 17.,,,
2022-09-18 16:00:00 CDT,1663534800,9,Thursday night,Clear.,,,Low 8.,,,
2022-09-18 16:00:00 CDT,1663534800,10,Friday,Cloudy with 60 percent chance of showers.,,,High 15.,,,
2022-09-18 16:00:00 CDT,1663534800,11,Friday night,Cloudy.,,,Low 9.,,,
2022-09-18 16:00:00 CDT,1663534800,12,Saturday,Cloudy.,,,High 19.,,,
2022-09-18 11:00:00 CDT,1663516800,1,Today,Mainly sunny.,,Wind becoming southwest 20 km/h gusting to 40 early this afternoon.,High 23.,,Humidex 27.,UV index 5 or moderate.
2022-09-18 11:00:00 CDT,1663516800,2,Tonight,A few clouds.,,Wind southwest 20 km/h gusting to 40 becoming light early this evening.,Low 6.,,,
2022-09-18 11:00:00 CDT,1663516800,3,Monday,Increasing cloudiness. Showers beginning in the afternoon. Risk of a thunderstorm late in the afternoon.,,Wind becoming south 30 km/h gusting to 50 late in the afternoon.,High 21.,,,UV index 4 or moderate.
2022-09-18 11:00:00 CDT,1663516800,4,Monday night,Cloudy periods with 60 percent chance of showers.,,,Low 10.,,,
2022-09-18 11:00:00 CDT,1663516800,5,Tuesday,Sunny.,,,High 18.,,,
2022-09-18 11:00:00 CDT,1663516800,6,Tuesday night,Cloudy with 40 percent chance of showers.,,,Low 8.,,,
2022-09-18 11:00:00 CDT,1663516800,7,Wednesday,Clearing.,,,High 16.,,,
2022-09-18 11:00:00 CDT,1663516800,8,Wednesday night,Clear.,,,Low plus 3.,,,
2022-09-18 11:00:00 CDT,1663516800,9,Thursday,Sunny.,,,High 17.,,,
2022-09-18 11:00:00 CDT,1663516800,10,Thursday night,Clear.,,,Low 8.,,,
2022-09-18 11:00:00 CDT,1663516800,11,Friday,A mix of sun and cloud.,,,High 15.,,,
2022-09-18 11:00:00 CDT,1663516800,12,Friday night,Cloudy.,,,Low 9.,,,
2022-09-18 11:00:00 CDT,1663516800,13,Saturday,Cloudy.,,,High 18.,,,
2022-09-18 05:00:00 CDT,1663495200,1,Today,Clearing early this morning.,Fog patches dissipating this morning.,Wind becoming southwest 20 km/h gusting to 40 early this afternoon.,High 23.,,Humidex 27.,UV index 5 or moderate.
2022-09-18 05:00:00 CDT,1663495200,2,Tonight,A few clouds.,,Wind southwest 20 km/h gusting to 40 becoming light early this evening.,Low 6.,,,
2022-09-18 05:00:00 CDT,1663495200,3,Monday,Increasing cloudiness. Showers beginning in the afternoon. Risk of a thunderstorm late in the afternoon.,,Wind becoming south 30 km/h gusting to 50 late in the afternoon.,High 21.,,,UV index 4 or moderate.
2022-09-18 05:00:00 CDT,1663495200,4,Monday night,Showers.,,,Low 10.,,,
2022-09-18 05:00:00 CDT,1663495200,5,Tuesday,Sunny.,,,High 18.,,,
2022-09-18 05:00:00 CDT,1663495200,6,Tuesday night,Cloudy with 40 percent chance of showers.,,,Low 8.,,,
2022-09-18 05:00:00 CDT,1663495200,7,Wednesday,Clearing.,,,High 16.,,,
2022-09-18 05:00:00 CDT,1663495200,8,Wednesday night,Clear.,,,Low plus 3.,,,
2022-09-18 05:00:00 CDT,1663495200,9,Thursday,Sunny.,,,High 17.,,,
2022-09-18 05:00:00 CDT,1663495200,10,Thursday night,Clear.,,,Low 8.,,,
2022-09-18 05:00:00 CDT,1663495200,11,Friday,A mix of sun and cloud.,,,High 15.,,,
2022-09-18 05:00:00 CDT,1663495200,12,Friday night,Cloudy.,,,Low 9.,,,
2022-09-18 05:00:00 CDT,1663495200,13,Saturday,Cloudy.,,,High 18.,,,
2022-09-17 16:00:00 CDT,1663448400,1,Tonight,Cloudy. 60 percent chance of drizzle this evening. Becoming partly cloudy before morning.,Fog patches developing this evening.,,Low 10.,,,
2022-09-17 16:00:00 CDT,1663448400,2,Sunday,A mix of sun and cloud.,Fog patches dissipating in the morning.,Wind becoming west 20 km/h early in the afternoon.,High 22.,,Humidex 25.,UV index 5 or moderate.
2022-09-17 16:00:00 CDT,1663448400,3,Sunday night,A few clouds.,,,Low 8.,,,
2022-09-17 16:00:00 CDT,1663448400,4,Monday,A mix of sun and cloud with 60 percent chance of showers.,,,High 21.,,,
2022-09-17 16:00:00 CDT,1663448400,5,Monday night,Cloudy with 60 percent chance of showers.,,,Low 12.,,,
2022-09-17 16:00:00 CDT,1663448400,6,Tuesday,Sunny.,,,High 18.,,,
2022-09-17 16:00:00 CDT,1663448400,7,Tuesday night,Cloudy with 30 percent chance of showers.,,,Low 8.,,,
2022-09-17 16:00:00 CDT,1663448400,8,Wednesday,Cloudy with 40 percent chance of showers.,,,High 14.,,,
2022-09-17 16:00:00 CDT,1663448400,9,Wednesday night,Clear.,,,Low plus 3.,,,
2022-09-17 16:00:00 CDT,1663448400,10,Thursday,Sunny.,,,High 18.,,,
2022-09-17 16:00:00 CDT,1663448400,11,Thursday night,Clear.,,,Low 7.,,,
2022-09-17 16:00:00 CDT,1663448400,12,Friday,Cloudy with 60 percent chance of showers.,,,High 16.,,,
2022-09-17 11:00:00 CDT,1663430400,1,Today,Cloudy with 30 percent chance of drizzle.,,,High 16.,,,UV index 2 or low.
2022-09-17 11:00:00 CDT,1663430400,2,Tonight,Cloudy. 30 percent chance of drizzle early this evening.,,,Low 10.,,,
2022-09-17 11:00:00 CDT,1663430400,3,Sunday,Mainly cloudy. Clearing in the afternoon.,,Wind becoming west 20 km/h early in the afternoon.,High 20.,,,UV index 4 or moderate.
2022-09-17 11:00:00 CDT,1663430400,4,Sunday night,Clear.,,,Low 6.,,,
2022-09-17 11:00:00 CDT,1663430400,5,Monday,A mix of sun and cloud with 40 percent chance of showers.,,,High 19.,,,
2022-09-17 11:00:00 CDT,1663430400,6,Monday night,Cloudy periods.,,,Low 11.,,,
2022-09-17 11:00:00 CDT,1663430400,7,Tuesday,Cloudy.,,,High 17.,,,
2022-09-17 11:00:00 CDT,1663430400,8,Tuesday night,Clearing.,,,Low 6.,,,
2022-09-17 11:00:00 CDT,1663430400,9,Wednesday,Sunny.,,,High 17.,,,
2022-09-17 11:00:00 CDT,1663430400,10,Wednesday night,Cloudy periods.,,,Low plus 3.,,,
2022-09-17 11:00:00 CDT,1663430400,11,Thursday,A mix of sun and cloud.,,,High 18.,,,
2022-09-17 11:00:00 CDT,1663430400,12,Thursday night,Cloudy periods.,,,Low 7.,,,
2022-09-17 11:00:00 CDT,1663430400,13,Friday,A mix of sun and cloud.,,,High 17.,,,
2022-09-17 05:00:00 CDT,1663408800,1,Today,Periods of drizzle.,Fog patches dissipating this morning.,,High 16.,,,UV index 2 or low.
2022-09-17 05:00:00 CDT,1663408800,2,Tonight,Periods of drizzle ending this evening then cloudy.,,,Low 10.,,,
2022-09-17 05:00:00 CDT,1663408800,3,Sunday,Mainly cloudy. Clearing in the afternoon.,,Wind becoming west 20 km/h early in the afternoon.,High 20.,,,UV index 4 or moderate.
2022-09-17 05:00:00 CDT,1663408800,4,Sunday night,Clear.,,,Low 9.,,,
2022-09-17 05:00:00 CDT,1663408800,5,Monday,A mix of sun and cloud with 40 percent chance of showers.,,,High 19.,,,
2022-09-17 05:00:00 CDT,1663408800,6,Monday night,Cloudy periods.,,,Low 11.,,,
c,,,,,,,,,,
c,,,,,,,,,,
